SET @capitals_team_id = (SELECT team_id FROM Teams WHERE team_name = 'Washington Capitals');

INSERT INTO Person (name, birthdate, nationality) VALUES
    ('Alex Ovechkin', DATE_FORMAT('1985-09-17', '%Y-%m-%d'), 'Russia'),
    ('Pierre-Luc Dubois', DATE_FORMAT('1996-06-24', '%Y-%m-%d'), 'Canada'),
    ('Tom Wilson', DATE_FORMAT('1994-03-29', '%Y-%m-%d'), 'Canada'),
    ('Andrew Mangiapane', DATE_FORMAT('1996-04-07', '%Y-%m-%d'), 'Canada'),
    ('Dylan Strome', DATE_FORMAT('1997-03-07', '%Y-%m-%d'), 'Canada'),
    ('Aliaksei Protas', DATE_FORMAT('2000-01-06', '%Y-%m-%d'), 'Belarus'),
    ('Connor McMichael', DATE_FORMAT('2000-01-15', '%Y-%m-%d'), 'Canada'),
    ('Sonny Milano', DATE_FORMAT('1994-05-12', '%Y-%m-%d'), 'USA'),
    ('Brandon Duhaime', DATE_FORMAT('1996-05-06', '%Y-%m-%d'), 'USA'),
    ('Nic Dowd', DATE_FORMAT('1989-05-27', '%Y-%m-%d'), 'USA'),
    ('Taylor Raddysh', DATE_FORMAT('1996-02-18', '%Y-%m-%d'), 'Canada'),
    ('Hendrix Lapierre', DATE_FORMAT('2001-02-09', '%Y-%m-%d'), 'Canada'),
    ('Jakub Vrána', DATE_FORMAT('1996-02-28', '%Y-%m-%d'), 'Czech Republic'),
    ('John Carlson', DATE_FORMAT('1990-01-10', '%Y-%m-%d'), 'USA'),
    ('Matt Roy', DATE_FORMAT('1990-02-09', '%Y-%m-%d'), 'USA'),
    ('Jakob Chychrun', DATE_FORMAT('1998-03-31', '%Y-%m-%d'), 'USA'),
    ('Rasmus Sandin', DATE_FORMAT('1999-03-07', '%Y-%m-%d'), 'Sweden'),
    ('Trevor van Riemsdyk', DATE_FORMAT('1989-12-02', '%Y-%m-%d'), 'USA'),
    ('Martin Fehérváry', DATE_FORMAT('1999-10-06', '%Y-%m-%d'), 'Slovakia'),
    ('Alexander Alexeyev', DATE_FORMAT('1999-11-15', '%Y-%m-%d'), 'Russia'),
    ('Dylan McIlrath', DATE_FORMAT('1992-04-20', '%Y-%m-%d'), 'Canada'),
    ('Charlie Lindgren', DATE_FORMAT('1993-12-18', '%Y-%m-%d'), 'USA'),
    ('Logan Thompson', DATE_FORMAT('1996-06-12', '%Y-%m-%d'), 'Canada'),
    ('Nicklas Bäckström', DATE_FORMAT('1987-11-23', '%Y-%m-%d'), 'Sweden'),
    ('T.J. Oshie', DATE_FORMAT('1986-12-23', '%Y-%m-%d'), 'USA');

INSERT INTO Players (player_id, position, number, height, weight) VALUES
    ((SELECT person_id FROM Person WHERE name = 'Alex Ovechkin'), 'LW', 8, 190, 238),
    ((SELECT person_id FROM Person WHERE name = 'Pierre-Luc Dubois'), 'LW', 80, 189, 226),
    ((SELECT person_id FROM Person WHERE name = 'Tom Wilson'), 'RW', 43, 193, 217),
    ((SELECT person_id FROM Person WHERE name = 'Andrew Mangiapane'), 'LW', 88, 178, 184),
    ((SELECT person_id FROM Person WHERE name = 'Dylan Strome'), 'C', 17, 191, 198),
    ((SELECT person_id FROM Person WHERE name = 'Aliaksei Protas'), 'C', 21, 198, 214),
    ((SELECT person_id FROM Person WHERE name = 'Connor McMichael'), 'C', 24, 183, 193),
    ((SELECT person_id FROM Person WHERE name = 'Sonny Milano'), 'LW', 15, 183, 194),
    ((SELECT person_id FROM Person WHERE name = 'Brandon Duhaime'), 'RW', 22, 185, 205),
    ((SELECT person_id FROM Person WHERE name = 'Nic Dowd'), 'C', 26, 185, 193),
    ((SELECT person_id FROM Person WHERE name = 'Taylor Raddysh'), 'RW', 16, 190, 209),
    ((SELECT person_id FROM Person WHERE name = 'Hendrix Lapierre'), 'C', 29, 183, 179),
    ((SELECT person_id FROM Person WHERE name = 'Jakub Vrána'), 'LW', 13, 183, 181),
    ((SELECT person_id FROM Person WHERE name = 'John Carlson'), 'D', 74, 191, 219),
    ((SELECT person_id FROM Person WHERE name = 'Matt Roy'), 'D', 3, 188, 205),
    ((SELECT person_id FROM Person WHERE name = 'Jakob Chychrun'), 'D', 6, 188, 210),
    ((SELECT person_id FROM Person WHERE name = 'Rasmus Sandin'), 'D', 38, 183, 189),
    ((SELECT person_id FROM Person WHERE name = 'Trevor van Riemsdyk'), 'D', 57, 191, 188),
    ((SELECT person_id FROM Person WHERE name = 'Martin Fehérváry'), 'D', 42, 188, 198),
    ((SELECT person_id FROM Person WHERE name = 'Alexander Alexeyev'), 'D', 27, 193, 214),
    ((SELECT person_id FROM Person WHERE name = 'Dylan McIlrath'), 'D', 52, 196, 232),
    ((SELECT person_id FROM Person WHERE name = 'Charlie Lindgren'), 'G', 79, 188, 185),
    ((SELECT person_id FROM Person WHERE name = 'Logan Thompson'), 'G', 48, 193, 201),
    ((SELECT person_id FROM Person WHERE name = 'Nicklas Bäckström'), 'C', 19, 185, 213),
    ((SELECT person_id FROM Person WHERE name = 'T.J. Oshie'), 'RW', 77, 183, 189);

INSERT INTO Contracts (player_id, team_id, cap_hit) VALUES
    ((SELECT person_id FROM Person WHERE name = 'Alex Ovechkin'), @capitals_team_id, 9500000),
    ((SELECT person_id FROM Person WHERE name = 'Pierre-Luc Dubois'), @capitals_team_id, 8500000),
    ((SELECT person_id FROM Person WHERE name = 'Tom Wilson'), @capitals_team_id, 6500000),
    ((SELECT person_id FROM Person WHERE name = 'Andrew Mangiapane'), @capitals_team_id, 5800000),
    ((SELECT person_id FROM Person WHERE name = 'Dylan Strome'), @capitals_team_id, 5000000),
    ((SELECT person_id FROM Person WHERE name = 'Aliaksei Protas'), @capitals_team_id, 3375000),
    ((SELECT person_id FROM Person WHERE name = 'Connor McMichael'), @capitals_team_id, 2100000),
    ((SELECT person_id FROM Person WHERE name = 'Sonny Milano'), @capitals_team_id, 1900000),
    ((SELECT person_id FROM Person WHERE name = 'Brandon Duhaime'), @capitals_team_id, 1850000),
    ((SELECT person_id FROM Person WHERE name = 'Nic Dowd'), @capitals_team_id, 1300000),
    ((SELECT person_id FROM Person WHERE name = 'Taylor Raddysh'), @capitals_team_id, 1000000),
    ((SELECT person_id FROM Person WHERE name = 'Hendrix Lapierre'), @capitals_team_id, 863333),
    ((SELECT person_id FROM Person WHERE name = 'Jakub Vrána'), @capitals_team_id, 775000),
    ((SELECT person_id FROM Person WHERE name = 'John Carlson'), @capitals_team_id, 8000000),
    ((SELECT person_id FROM Person WHERE name = 'Matt Roy'), @capitals_team_id, 5750000),
    ((SELECT person_id FROM Person WHERE name = 'Jakob Chychrun'), @capitals_team_id, 4600000),
    ((SELECT person_id FROM Person WHERE name = 'Rasmus Sandin'), @capitals_team_id, 4600000),
    ((SELECT person_id FROM Person WHERE name = 'Trevor van Riemsdyk'), @capitals_team_id, 3000000),
    ((SELECT person_id FROM Person WHERE name = 'Martin Fehérváry'), @capitals_team_id, 2675000),
    ((SELECT person_id FROM Person WHERE name = 'Alexander Alexeyev'), @capitals_team_id, 825000),
    ((SELECT person_id FROM Person WHERE name = 'Dylan McIlrath'), @capitals_team_id, 775000),
    ((SELECT person_id FROM Person WHERE name = 'Charlie Lindgren'), @capitals_team_id, 1100000),
    ((SELECT person_id FROM Person WHERE name = 'Logan Thompson'), @capitals_team_id, 766666),
    ((SELECT person_id FROM Person WHERE name = 'Nicklas Bäckström'), @capitals_team_id, 9200000),
    ((SELECT person_id FROM Person WHERE name = 'T.J. Oshie'), @capitals_team_id, 5750000);



SET @leafs_team_id = (SELECT team_id FROM Teams WHERE team_name = 'Toronto Maple Leafs');

INSERT INTO Person (name, birthdate, nationality) VALUES
    ('Auston Matthews', DATE_FORMAT('1997-09-17', '%Y-%m-%d'), 'USA'),
    ('William Nylander', DATE_FORMAT('1996-05-01', '%Y-%m-%d'), 'Sweden'),
    ('John Tavares', DATE_FORMAT('1990-09-20', '%Y-%m-%d'), 'Canada'),
    ('Mitchell Marner', DATE_FORMAT('1997-05-05', '%Y-%m-%d'), 'Canada'),
    ('Max Domi', DATE_FORMAT('1994-03-02', '%Y-%m-%d'), 'Canada'),
    ('David Kämpf', DATE_FORMAT('1995-01-12', '%Y-%m-%d'), 'Czech Republic'),
    ('Ryan Reaves', DATE_FORMAT('1987-01-20', '%Y-%m-%d'), 'Canada'),
    ('Bobby McMann', DATE_FORMAT('1995-06-05', '%Y-%m-%d'), 'Canada'),
    ('Matthew Knies', DATE_FORMAT('2001-10-17', '%Y-%m-%d'), 'USA'),
    ('Nicholas Robertson', DATE_FORMAT('2001-09-11', '%Y-%m-%d'), 'USA'),
    ('Max Pacioretty', DATE_FORMAT('1988-11-20', '%Y-%m-%d'), 'USA'),
    ('Pontus Holmberg', DATE_FORMAT('1998-03-09', '%Y-%m-%d'), 'Sweden'),
    ('Steven Lorentz', DATE_FORMAT('1995-04-13', '%Y-%m-%d'), 'Canada'),
    ('Morgan Rielly', DATE_FORMAT('1994-03-09', '%Y-%m-%d'), 'Canada'),
    ('Christopher Tanev', DATE_FORMAT('1990-12-20', '%Y-%m-%d'), 'Canada'),
    ('Jake McCabe', DATE_FORMAT('1993-10-12', '%Y-%m-%d'), 'USA'),
    ('Oliver Ekman-Larsson', DATE_FORMAT('1991-07-17', '%Y-%m-%d'), 'Sweden'),
    ('Timothy Liljegren', DATE_FORMAT('1999-04-30', '%Y-%m-%d'), 'Sweden'),
    ('Simon Benoît', DATE_FORMAT('1996-09-19', '%Y-%m-%d'), 'Canada'),
    ('Conor Timmins', DATE_FORMAT('1998-09-18', '%Y-%m-%d'), 'Canada'),
    ('Philippe Myers', DATE_FORMAT('1997-01-02', '%Y-%m-%d'), 'Canada'),
    ('Anthony Stolarz', DATE_FORMAT('1993-01-20', '%Y-%m-%d'), 'USA'),
    ('Dennis Hildeby', DATE_FORMAT('2000-02-05', '%Y-%m-%d'), 'Sweden'),
    ('Joseph Woll', DATE_FORMAT('1998-07-12', '%Y-%m-%d'), 'USA'),
    ('Calle Järnkrok', DATE_FORMAT('1991-09-25', '%Y-%m-%d'), 'Sweden'),
    ('Connor Dewar', DATE_FORMAT('1998-06-26', '%Y-%m-%d'), 'Canada'),
    ('Jani Hakanpää', DATE_FORMAT('1992-03-31', '%Y-%m-%d'), 'Finland'),
    ('Dakota Mermis', DATE_FORMAT('1994-01-05', '%Y-%m-%d'), 'USA'),
    ('Fraser Minten', DATE_FORMAT('2003-07-11', '%Y-%m-%d'), 'Canada');

INSERT INTO Players (player_id, position, number, height, weight) VALUES
    ((SELECT person_id FROM Person WHERE name = 'Auston Matthews'), 'C', 34, 191, 220),
    ((SELECT person_id FROM Person WHERE name = 'William Nylander'), 'RW', 88, 183, 204),
    ((SELECT person_id FROM Person WHERE name = 'John Tavares'), 'C', 91, 185, 216),
    ((SELECT person_id FROM Person WHERE name = 'Mitchell Marner'), 'RW', 16, 183, 172),
    ((SELECT person_id FROM Person WHERE name = 'Max Domi'), 'C', 11, 178, 192),
    ((SELECT person_id FROM Person WHERE name = 'David Kämpf'), 'C', 64, 188, 197),
    ((SELECT person_id FROM Person WHERE name = 'Ryan Reaves'), 'RW', 75, 188, 225),
    ((SELECT person_id FROM Person WHERE name = 'Bobby McMann'), 'C', 74, 187, 206),
    ((SELECT person_id FROM Person WHERE name = 'Matthew Knies'), 'LW', 23, 191, 210),
    ((SELECT person_id FROM Person WHERE name = 'Nicholas Robertson'), 'LW', 89, 178, 180),
    ((SELECT person_id FROM Person WHERE name = 'Max Pacioretty'), 'LW', 67, 188, 206),
    ((SELECT person_id FROM Person WHERE name = 'Pontus Holmberg'), 'RW', 29, 180, 185),
    ((SELECT person_id FROM Person WHERE name = 'Steven Lorentz'), 'C', 18, 193, 207),
    ((SELECT person_id FROM Person WHERE name = 'Morgan Rielly'), 'D', 44, 185, 219),
    ((SELECT person_id FROM Person WHERE name = 'Christopher Tanev'), 'D', 8, 188, 197),
    ((SELECT person_id FROM Person WHERE name = 'Jake McCabe'), 'D', 22, 183, 204),
    ((SELECT person_id FROM Person WHERE name = 'Oliver Ekman-Larsson'), 'D', 95, 188, 200),
    ((SELECT person_id FROM Person WHERE name = 'Timothy Liljegren'), 'D', 37, 183, 192),
    ((SELECT person_id FROM Person WHERE name = 'Simon Benoît'), 'D', 2, 191, 203),
    ((SELECT person_id FROM Person WHERE name = 'Conor Timmins'), 'D', 25, 188, 184),
    ((SELECT person_id FROM Person WHERE name = 'Philippe Myers'), 'D', 51, 196, 210),
    ((SELECT person_id FROM Person WHERE name = 'Anthony Stolarz'), 'G', 41, 198, 210),
    ((SELECT person_id FROM Person WHERE name = 'Dennis Hildeby'), 'G', 35, 198, 207),
    ((SELECT person_id FROM Person WHERE name = 'Joseph Woll'), 'G', 60, 191, 195),
    ((SELECT person_id FROM Person WHERE name = 'Calle Järnkrok'), 'C', 19, 183, 186),
    ((SELECT person_id FROM Person WHERE name = 'Connor Dewar'), 'C', 24, 180, 183),
    ((SELECT person_id FROM Person WHERE name = 'Jani Hakanpää'), 'D', 28, 198, 218),
    ((SELECT person_id FROM Person WHERE name = 'Dakota Mermis'), 'D', 36, 183, 194),
    ((SELECT person_id FROM Person WHERE name = 'Fraser Minten'), 'C', 39, 186, 184);

INSERT INTO Contracts (player_id, team_id, cap_hit) VALUES
    ((SELECT person_id FROM Person WHERE name = 'Auston Matthews'), @leafs_team_id, 13250000),
    ((SELECT person_id FROM Person WHERE name = 'William Nylander'), @leafs_team_id, 11500000),
    ((SELECT person_id FROM Person WHERE name = 'John Tavares'), @leafs_team_id, 11000000),
    ((SELECT person_id FROM Person WHERE name = 'Mitchell Marner'), @leafs_team_id, 10903000),
    ((SELECT person_id FROM Person WHERE name = 'Max Domi'), @leafs_team_id, 4312500),
    ((SELECT person_id FROM Person WHERE name = 'David Kämpf'), @leafs_team_id, 2400000),
    ((SELECT person_id FROM Person WHERE name = 'Ryan Reaves'), @leafs_team_id, 1350000),
    ((SELECT person_id FROM Person WHERE name = 'Bobby McMann'), @leafs_team_id, 1350000),
    ((SELECT person_id FROM Person WHERE name = 'Matthew Knies'), @leafs_team_id, 925000),
    ((SELECT person_id FROM Person WHERE name = 'Nicholas Robertson'), @leafs_team_id, 875000),
    ((SELECT person_id FROM Person WHERE name = 'Max Pacioretty'), @leafs_team_id, 873770),
    ((SELECT person_id FROM Person WHERE name = 'Pontus Holmberg'), @leafs_team_id, 800000),
    ((SELECT person_id FROM Person WHERE name = 'Steven Lorentz'), @leafs_team_id, 775000),
    ((SELECT person_id FROM Person WHERE name = 'Morgan Rielly'), @leafs_team_id, 7500000),
    ((SELECT person_id FROM Person WHERE name = 'Christopher Tanev'), @leafs_team_id, 4500000),
    ((SELECT person_id FROM Person WHERE name = 'Jake McCabe'), @leafs_team_id, 2000000),
    ((SELECT person_id FROM Person WHERE name = 'Oliver Ekman-Larsson'), @leafs_team_id, 3500000),
    ((SELECT person_id FROM Person WHERE name = 'Timothy Liljegren'), @leafs_team_id, 3000000),
    ((SELECT person_id FROM Person WHERE name = 'Simon Benoît'), @leafs_team_id, 1350000),
    ((SELECT person_id FROM Person WHERE name = 'Conor Timmins'), @leafs_team_id, 1100000),
    ((SELECT person_id FROM Person WHERE name = 'Philippe Myers'), @leafs_team_id, 775000),
    ((SELECT person_id FROM Person WHERE name = 'Anthony Stolarz'), @leafs_team_id, 2500000),
    ((SELECT person_id FROM Person WHERE name = 'Dennis Hildeby'), @leafs_team_id, 0),  -- Emergency contract
    ((SELECT person_id FROM Person WHERE name = 'Joseph Woll'), @leafs_team_id, 766666),
    ((SELECT person_id FROM Person WHERE name = 'Calle Järnkrok'), @leafs_team_id, 2100000),
    ((SELECT person_id FROM Person WHERE name = 'Connor Dewar'), @leafs_team_id, 780000),
    ((SELECT person_id FROM Person WHERE name = 'Jani Hakanpää'), @leafs_team_id, 1470000),
    ((SELECT person_id FROM Person WHERE name = 'Dakota Mermis'), @leafs_team_id, 775000),
    ((SELECT person_id FROM Person WHERE name = 'Fraser Minten'), @leafs_team_id, 72687);



SET @avalanch_team_id = (SELECT team_id FROM Teams WHERE team_name = 'Colorado Avalanche');

INSERT INTO Person (name, birthdate, nationality) VALUES
    ('Nathan MacKinnon', DATE_FORMAT('1995-09-01', '%Y-%m-%d'), 'Canada'),
    ('Mikko Rantanen', DATE_FORMAT('1996-10-29', '%Y-%m-%d'), 'Finland'),
    ('Gabriel Landeskog', DATE_FORMAT('1992-11-23', '%Y-%m-%d'), 'Sweden'),
    ('Casey Mittelstadt', DATE_FORMAT('1998-11-22', '%Y-%m-%d'), 'USA'),
    ('Artturi Lehkonen', DATE_FORMAT('1995-07-04', '%Y-%m-%d'), 'Finland'),
    ('Ross Colton', DATE_FORMAT('1995-09-11', '%Y-%m-%d'), 'USA'),
    ('Miles Wood', DATE_FORMAT('1995-09-13', '%Y-%m-%d'), 'USA'),
    ('Jonathan Drouin', DATE_FORMAT('1995-03-28', '%Y-%m-%d'), 'Canada'),
    ('Logan O\'Connor', DATE_FORMAT('1996-08-14', '%Y-%m-%d'), 'Canada'),
    ('Calum Ritchie', DATE_FORMAT('2004-01-16', '%Y-%m-%d'), 'Canada'),
    ('Matthew Stienburg', DATE_FORMAT('1999-01-23', '%Y-%m-%d'), 'Canada'),
    ('Nikolai Kovalenko', DATE_FORMAT('1998-10-14', '%Y-%m-%d'), 'Russia'),
    ('Ivan Ivan', DATE_FORMAT('2001-08-20', '%Y-%m-%d'), 'Czech Republic'),
    ('Parker Kelly', DATE_FORMAT('1998-06-14', '%Y-%m-%d'), 'Canada'),
    ('Joel Kiviranta', DATE_FORMAT('1994-03-23', '%Y-%m-%d'), 'Finland'),
    ('Valeri Nichushkin', DATE_FORMAT('1995-03-04', '%Y-%m-%d'), 'Russia'),
    ('Cale Makar', DATE_FORMAT('1998-10-30', '%Y-%m-%d'), 'Canada'),
    ('Devon Toews', DATE_FORMAT('1994-02-21', '%Y-%m-%d'), 'Canada'),
    ('Samuel Girard', DATE_FORMAT('1998-05-12', '%Y-%m-%d'), 'Canada'),
    ('Josh Manson', DATE_FORMAT('1991-10-07', '%Y-%m-%d'), 'Canada'),
    ('Tucker Poolman', DATE_FORMAT('1993-06-08', '%Y-%m-%d'), 'USA'),
    ('Oliver Kylington', DATE_FORMAT('1997-05-19', '%Y-%m-%d'), 'Sweden'),
    ('Sam Malinski', DATE_FORMAT('1997-03-15', '%Y-%m-%d'), 'USA'),
    ('Calvin de Haan', DATE_FORMAT('1991-05-09', '%Y-%m-%d'), 'Canada'),
    ('John Ludvig', DATE_FORMAT('1999-08-02', '%Y-%m-%d'), 'USA'),
    ('Alexandar Georgiev', DATE_FORMAT('1996-02-10', '%Y-%m-%d'), 'Russia'),
    ('Kaapo Kähkönen', DATE_FORMAT('1996-08-16', '%Y-%m-%d'), 'Finland'),
    ('Justus Annunen', DATE_FORMAT('2000-03-11', '%Y-%m-%d'), 'Finland'),
    ('Brad Hunt', DATE_FORMAT('1988-08-24', '%Y-%m-%d'), 'Canada'),
    ('Arvid Holm', DATE_FORMAT('1997-11-03', '%Y-%m-%d'), 'Sweden');

INSERT INTO Players (player_id, position, number, height, weight) VALUES
    ((SELECT person_id FROM Person WHERE name = 'Nathan MacKinnon'), 'C', 29, 183, 201),
    ((SELECT person_id FROM Person WHERE name = 'Mikko Rantanen'), 'RW', 96, 193, 216),
    ((SELECT person_id FROM Person WHERE name = 'Gabriel Landeskog'), 'LW', 92, 185, 215),
    ((SELECT person_id FROM Person WHERE name = 'Casey Mittelstadt'), 'C', 37, 185, 199),
    ((SELECT person_id FROM Person WHERE name = 'Artturi Lehkonen'), 'LW', 62, 183, 179),
    ((SELECT person_id FROM Person WHERE name = 'Ross Colton'), 'C', 20, 188, 191),
    ((SELECT person_id FROM Person WHERE name = 'Miles Wood'), 'LW', 28, 188, 195),
    ((SELECT person_id FROM Person WHERE name = 'Jonathan Drouin'), 'LW', 27, 180, 201),
    ((SELECT person_id FROM Person WHERE name = 'Logan O\'Connor'), 'RW', 25, 180, 179),
    ((SELECT person_id FROM Person WHERE name = 'Calum Ritchie'), 'C', 71, 188, 190),
    ((SELECT person_id FROM Person WHERE name = 'Matthew Stienburg'), 'C', 36, 185, 209),
    ((SELECT person_id FROM Person WHERE name = 'Nikolai Kovalenko'), 'RW', 51, 180, 176),
    ((SELECT person_id FROM Person WHERE name = 'Ivan Ivan'), 'C', 82, 173, 169),
    ((SELECT person_id FROM Person WHERE name = 'Parker Kelly'), 'LW', 17, 183, 189),
    ((SELECT person_id FROM Person WHERE name = 'Joel Kiviranta'), 'LW', 94, 183, 183),
    ((SELECT person_id FROM Person WHERE name = 'Valeri Nichushkin'), 'RW', 13, 193, 210),
    ((SELECT person_id FROM Person WHERE name = 'Cale Makar'), 'D', 8, 183, 187),
    ((SELECT person_id FROM Person WHERE name = 'Devon Toews'), 'D', 7, 185, 192),
    ((SELECT person_id FROM Person WHERE name = 'Samuel Girard'), 'D', 49, 175, 170),
    ((SELECT person_id FROM Person WHERE name = 'Josh Manson'), 'D', 42, 191, 224),
    ((SELECT person_id FROM Person WHERE name = 'Tucker Poolman'), 'D', 5, 188, 200),
    ((SELECT person_id FROM Person WHERE name = 'Oliver Kylington'), 'D', 58, 185, 191),
    ((SELECT person_id FROM Person WHERE name = 'Sam Malinski'), 'D', 70, 180, 187),
    ((SELECT person_id FROM Person WHERE name = 'Calvin de Haan'), 'D', 44, 185, 191),
    ((SELECT person_id FROM Person WHERE name = 'John Ludvig'), 'D', 7, 185, 210),
    ((SELECT person_id FROM Person WHERE name = 'Alexandar Georgiev'), 'G', 40, 185, 185),
    ((SELECT person_id FROM Person WHERE name = 'Kaapo Kähkönen'), 'G', 34, 188, 215),
    ((SELECT person_id FROM Person WHERE name = 'Justus Annunen'), 'G', 60, 193, 213),
    ((SELECT person_id FROM Person WHERE name = 'Brad Hunt'), 'D', 17, 175, 187),
    ((SELECT person_id FROM Person WHERE name = 'Arvid Holm'), 'G', 31, 196, 205);

INSERT INTO Contracts (player_id, team_id, cap_hit) VALUES
    ((SELECT person_id FROM Person WHERE name = 'Nathan MacKinnon'), @avalanch_team_id, 12600000),
    ((SELECT person_id FROM Person WHERE name = 'Mikko Rantanen'), @avalanch_team_id, 9250000),
    ((SELECT person_id FROM Person WHERE name = 'Gabriel Landeskog'), @avalanch_team_id, 7000000),
    ((SELECT person_id FROM Person WHERE name = 'Casey Mittelstadt'), @avalanch_team_id, 5750000),
    ((SELECT person_id FROM Person WHERE name = 'Artturi Lehkonen'), @avalanch_team_id, 4500000),
    ((SELECT person_id FROM Person WHERE name = 'Ross Colton'), @avalanch_team_id, 4000000),
    ((SELECT person_id FROM Person WHERE name = 'Miles Wood'), @avalanch_team_id, 2500000),
    ((SELECT person_id FROM Person WHERE name = 'Jonathan Drouin'), @avalanch_team_id, 2500000),
    ((SELECT person_id FROM Person WHERE name = 'Logan O\'Connor'), @avalanch_team_id, 1050000),
    ((SELECT person_id FROM Person WHERE name = 'Calum Ritchie'), @avalanch_team_id, 950000),
    ((SELECT person_id FROM Person WHERE name = 'Matthew Stienburg'), @avalanch_team_id, 898750),
    ((SELECT person_id FROM Person WHERE name = 'Nikolai Kovalenko'), @avalanch_team_id, 896250),
    ((SELECT person_id FROM Person WHERE name = 'Ivan Ivan'), @avalanch_team_id, 845000),
    ((SELECT person_id FROM Person WHERE name = 'Parker Kelly'), @avalanch_team_id, 825000),
    ((SELECT person_id FROM Person WHERE name = 'Joel Kiviranta'), @avalanch_team_id, 775000),
    ((SELECT person_id FROM Person WHERE name = 'Valeri Nichushkin'), @avalanch_team_id, 0),
    ((SELECT person_id FROM Person WHERE name = 'Cale Makar'), @avalanch_team_id, 9000000),
    ((SELECT person_id FROM Person WHERE name = 'Devon Toews'), @avalanch_team_id, 7250000),
    ((SELECT person_id FROM Person WHERE name = 'Samuel Girard'), @avalanch_team_id, 5000000),
    ((SELECT person_id FROM Person WHERE name = 'Josh Manson'), @avalanch_team_id, 4500000),
    ((SELECT person_id FROM Person WHERE name = 'Tucker Poolman'), @avalanch_team_id, 2000000),
    ((SELECT person_id FROM Person WHERE name = 'Oliver Kylington'), @avalanch_team_id, 1050000),
    ((SELECT person_id FROM Person WHERE name = 'Sam Malinski'), @avalanch_team_id, 850000),
    ((SELECT person_id FROM Person WHERE name = 'Calvin de Haan'), @avalanch_team_id, 800000),
    ((SELECT person_id FROM Person WHERE name = 'John Ludvig'), @avalanch_team_id, 775000),
    ((SELECT person_id FROM Person WHERE name = 'Alexandar Georgiev'), @avalanch_team_id, 3400000),
    ((SELECT person_id FROM Person WHERE name = 'Kaapo Kähkönen'), @avalanch_team_id, 1000000),
    ((SELECT person_id FROM Person WHERE name = 'Justus Annunen'), @avalanch_team_id, 837500),
    ((SELECT person_id FROM Person WHERE name = 'Brad Hunt'), @avalanch_team_id, 0),
    ((SELECT person_id FROM Person WHERE name = 'Arvid Holm'), @avalanch_team_id, 0);



SET @blues_team_id = (SELECT team_id FROM Teams WHERE team_name = 'St. Louis Blues');

INSERT INTO Person (name, birthdate, nationality) VALUES
    ('Robert Thomas', DATE_FORMAT('1999-07-02', '%Y-%m-%d'), 'Canada'),
    ('Jordan Kyrou', DATE_FORMAT('1998-05-05', '%Y-%m-%d'), 'Canada'),
    ('Brayden Schenn', DATE_FORMAT('1991-08-22', '%Y-%m-%d'), 'Canada'),
    ('Pavel Buchnevich', DATE_FORMAT('1995-04-17', '%Y-%m-%d'), 'Russia'),
    ('Brandon Saad', DATE_FORMAT('1992-10-27', '%Y-%m-%d'), 'USA'),
    ('Radek Faksa', DATE_FORMAT('1994-01-09', '%Y-%m-%d'), 'Czech Republic'),
    ('Mathieu Joseph', DATE_FORMAT('1997-02-09', '%Y-%m-%d'), 'Canada'),
    ('Dylan Holloway', DATE_FORMAT('2001-09-23', '%Y-%m-%d'), 'Canada'),
    ('Alexandre Texier', DATE_FORMAT('1999-09-13', '%Y-%m-%d'), 'France'),
    ('Oskar Sundqvist', DATE_FORMAT('1994-03-23', '%Y-%m-%d'), 'Sweden'),
    ('Alexei Toropchenko', DATE_FORMAT('1999-09-25', '%Y-%m-%d'), 'Russia'),
    ('Kasperi Kapanen', DATE_FORMAT('1996-07-23', '%Y-%m-%d'), 'Finland'),
    ('Zachary Bolduc', DATE_FORMAT('2002-02-24', '%Y-%m-%d'), 'Canada'),
    ('Jake Neighbours', DATE_FORMAT('2002-03-29', '%Y-%m-%d'), 'Canada'),
    ('Nathan Walker', DATE_FORMAT('1994-02-07', '%Y-%m-%d'), 'Australia'),
    ('Colton Parayko', DATE_FORMAT('1993-05-12', '%Y-%m-%d'), 'Canada'),
    ('Justin Faulk', DATE_FORMAT('1992-03-20', '%Y-%m-%d'), 'USA'),
    ('Philip Broberg', DATE_FORMAT('2001-06-25', '%Y-%m-%d'), 'Sweden'),
    ('Nick Leddy', DATE_FORMAT('1991-03-20', '%Y-%m-%d'), 'USA'),
    ('Scott Perunovich', DATE_FORMAT('1998-08-18', '%Y-%m-%d'), 'USA'),
    ('Pierre-Olivier Joseph', DATE_FORMAT('1999-07-01', '%Y-%m-%d'), 'Canada'),
    ('Matthew Kessel', DATE_FORMAT('1999-10-18', '%Y-%m-%d'), 'USA'),
    ('Ryan Suter', DATE_FORMAT('1985-01-21', '%Y-%m-%d'), 'USA'),
    ('Jordan Binnington', DATE_FORMAT('1993-07-11', '%Y-%m-%d'), 'Canada'),
    ('Joel Hofer', DATE_FORMAT('2000-07-18', '%Y-%m-%d'), 'Canada'),
    ('Torey Krug', DATE_FORMAT('1991-04-12', '%Y-%m-%d'), 'USA'),
    ('Simon Robertsson', DATE_FORMAT('2002-02-05', '%Y-%m-%d'), 'Sweden'),
    ('Adam Jiříček', DATE_FORMAT('2005-10-12', '%Y-%m-%d'), 'Czech Republic');

INSERT INTO Players (player_id, position, number, height, weight) VALUES
    ((SELECT person_id FROM Person WHERE name = 'Robert Thomas'), 'C', 18, 183, 188),
    ((SELECT person_id FROM Person WHERE name = 'Jordan Kyrou'), 'C', 25, 185, 175),
    ((SELECT person_id FROM Person WHERE name = 'Brayden Schenn'), 'C', 10, 185, 204),
    ((SELECT person_id FROM Person WHERE name = 'Pavel Buchnevich'), 'LW', 89, 188, 197),
    ((SELECT person_id FROM Person WHERE name = 'Brandon Saad'), 'LW', 20, 185, 206),
    ((SELECT person_id FROM Person WHERE name = 'Radek Faksa'), 'C', 12, 191, 210),
    ((SELECT person_id FROM Person WHERE name = 'Mathieu Joseph'), 'RW', 71, 185, 180),
    ((SELECT person_id FROM Person WHERE name = 'Dylan Holloway'), 'LW', 81, 185, 203),
    ((SELECT person_id FROM Person WHERE name = 'Alexandre Texier'), 'C', 9, 185, 194),
    ((SELECT person_id FROM Person WHERE name = 'Oskar Sundqvist'), 'C', 70, 191, 220),
    ((SELECT person_id FROM Person WHERE name = 'Alexei Toropchenko'), 'RW', 13, 191, 200),
    ((SELECT person_id FROM Person WHERE name = 'Kasperi Kapanen'), 'RW', 42, 185, 194),
    ((SELECT person_id FROM Person WHERE name = 'Zachary Bolduc'), 'C', 76, 188, 193),
    ((SELECT person_id FROM Person WHERE name = 'Jake Neighbours'), 'LW', 63, 183, 200),
    ((SELECT person_id FROM Person WHERE name = 'Nathan Walker'), 'LW', 26, 175, 186),
    ((SELECT person_id FROM Person WHERE name = 'Colton Parayko'), 'D', 55, 198, 230),
    ((SELECT person_id FROM Person WHERE name = 'Justin Faulk'), 'D', 72, 183, 215),
    ((SELECT person_id FROM Person WHERE name = 'Philip Broberg'), 'D', 6, 191, 199),
    ((SELECT person_id FROM Person WHERE name = 'Nick Leddy'), 'D', 4, 183, 199),
    ((SELECT person_id FROM Person WHERE name = 'Scott Perunovich'), 'D', 48, 178, 181),
    ((SELECT person_id FROM Person WHERE name = 'Pierre-Olivier Joseph'), 'D', 77, 188, 184),
    ((SELECT person_id FROM Person WHERE name = 'Matthew Kessel'), 'D', 51, 193, 190),
    ((SELECT person_id FROM Person WHERE name = 'Ryan Suter'), 'D', 22, 185, 207),
    ((SELECT person_id FROM Person WHERE name = 'Jordan Binnington'), 'G', 50, 188, 172),
    ((SELECT person_id FROM Person WHERE name = 'Joel Hofer'), 'G', 30, 196, 179),
    ((SELECT person_id FROM Person WHERE name = 'Torey Krug'), 'D', 47, 175, 185),
    ((SELECT person_id FROM Person WHERE name = 'Simon Robertsson'), 'RW', 80, 182, 185),
    ((SELECT person_id FROM Person WHERE name = 'Adam Jiříček'), 'D', 37, 185, 190);

INSERT INTO Contracts (player_id, team_id, cap_hit) VALUES
    ((SELECT person_id FROM Person WHERE name = 'Robert Thomas'), @blues_team_id, 8125000),
    ((SELECT person_id FROM Person WHERE name = 'Jordan Kyrou'), @blues_team_id, 8125000),
    ((SELECT person_id FROM Person WHERE name = 'Brayden Schenn'), @blues_team_id, 6500000),
    ((SELECT person_id FROM Person WHERE name = 'Pavel Buchnevich'), @blues_team_id, 5800000),
    ((SELECT person_id FROM Person WHERE name = 'Brandon Saad'), @blues_team_id, 4500000),
    ((SELECT person_id FROM Person WHERE name = 'Radek Faksa'), @blues_team_id, 3250000),
    ((SELECT person_id FROM Person WHERE name = 'Mathieu Joseph'), @blues_team_id, 2950000),
    ((SELECT person_id FROM Person WHERE name = 'Dylan Holloway'), @blues_team_id, 2290457),
    ((SELECT person_id FROM Person WHERE name = 'Alexandre Texier'), @blues_team_id, 2100000),
    ((SELECT person_id FROM Person WHERE name = 'Oskar Sundqvist'), @blues_team_id, 1500000),
    ((SELECT person_id FROM Person WHERE name = 'Alexei Toropchenko'), @blues_team_id, 1250000),
    ((SELECT person_id FROM Person WHERE name = 'Kasperi Kapanen'), @blues_team_id, 1000000),
    ((SELECT person_id FROM Person WHERE name = 'Zachary Bolduc'), @blues_team_id, 863333),
    ((SELECT person_id FROM Person WHERE name = 'Jake Neighbours'), @blues_team_id, 835833),
    ((SELECT person_id FROM Person WHERE name = 'Nathan Walker'), @blues_team_id, 775000),
    ((SELECT person_id FROM Person WHERE name = 'Colton Parayko'), @blues_team_id, 6500000),
    ((SELECT person_id FROM Person WHERE name = 'Justin Faulk'), @blues_team_id, 6500000),
    ((SELECT person_id FROM Person WHERE name = 'Philip Broberg'), @blues_team_id, 4580917),
    ((SELECT person_id FROM Person WHERE name = 'Nick Leddy'), @blues_team_id, 4125000),
    ((SELECT person_id FROM Person WHERE name = 'Scott Perunovich'), @blues_team_id, 1150000),
    ((SELECT person_id FROM Person WHERE name = 'Pierre-Olivier Joseph'), @blues_team_id, 950000),
    ((SELECT person_id FROM Person WHERE name = 'Matthew Kessel'), @blues_team_id, 800000),
    ((SELECT person_id FROM Person WHERE name = 'Ryan Suter'), @blues_team_id, 775000),
    ((SELECT person_id FROM Person WHERE name = 'Jordan Binnington'), @blues_team_id, 6000000),
    ((SELECT person_id FROM Person WHERE name = 'Joel Hofer'), @blues_team_id, 775000),
    ((SELECT person_id FROM Person WHERE name = 'Torey Krug'), @blues_team_id, 6500000),
    ((SELECT person_id FROM Person WHERE name = 'Simon Robertsson'), @blues_team_id, 0),
    ((SELECT person_id FROM Person WHERE name = 'Adam Jiříček'), @blues_team_id, 0);



SET @knights_team_id = (SELECT team_id FROM Teams WHERE team_name = 'Vegas Golden Knights');

INSERT INTO Person (name, birthdate, nationality) VALUES
    ('Jack Eichel', DATE_FORMAT('1996-10-28', '%Y-%m-%d'), 'USA'),
    ('Mark Stone', DATE_FORMAT('1992-05-13', '%Y-%m-%d'), 'Canada'),
    ('Tomáš Hertl', DATE_FORMAT('1993-11-12', '%Y-%m-%d'), 'Czech Republic'),
    ('William Karlsson', DATE_FORMAT('1993-01-08', '%Y-%m-%d'), 'Sweden'),
    ('Ivan Barbashev', DATE_FORMAT('1995-12-14', '%Y-%m-%d'), 'Russia'),
    ('Nicolas Roy', DATE_FORMAT('1997-02-05', '%Y-%m-%d'), 'Canada'),
    ('Brett Howden', DATE_FORMAT('1998-03-29', '%Y-%m-%d'), 'Canada'),
    ('Pavel Dorofeyev', DATE_FORMAT('2000-10-26', '%Y-%m-%d'), 'Russia'),
    ('Keegan Kolesar', DATE_FORMAT('1997-04-08', '%Y-%m-%d'), 'Canada'),
    ('Victor Olofsson', DATE_FORMAT('1994-07-18', '%Y-%m-%d'), 'Sweden'),
    ('Brendan Brisson', DATE_FORMAT('2000-10-22', '%Y-%m-%d'), 'USA'),
    ('Alexander Holtz', DATE_FORMAT('2002-01-23', '%Y-%m-%d'), 'Sweden'),
    ('Cole Schwindt', DATE_FORMAT('2001-04-25', '%Y-%m-%d'), 'Canada'),
    ('Tanner Pearson', DATE_FORMAT('1992-08-10', '%Y-%m-%d'), 'Canada'),
    ('Alex Pietrangelo', DATE_FORMAT('1990-01-18', '%Y-%m-%d'), 'Canada'),
    ('Noah Hanifin', DATE_FORMAT('1997-01-25', '%Y-%m-%d'), 'USA'),
    ('Shea Theodore', DATE_FORMAT('1995-08-03', '%Y-%m-%d'), 'Canada'),
    ('Brayden McNabb', DATE_FORMAT('1991-01-21', '%Y-%m-%d'), 'Canada'),
    ('Zach Whitecloud', DATE_FORMAT('1996-11-28', '%Y-%m-%d'), 'Canada'),
    ('Nicolas Hague', DATE_FORMAT('1998-12-05', '%Y-%m-%d'), 'Canada'),
    ('Ben Hutton', DATE_FORMAT('1993-04-20', '%Y-%m-%d'), 'Canada'),
    ('Kaedan Korczak', DATE_FORMAT('2001-01-29', '%Y-%m-%d'), 'Canada'),
    ('Adin Hill', DATE_FORMAT('1996-05-11', '%Y-%m-%d'), 'Canada'),
    ('Ilya Samsonov', DATE_FORMAT('1997-02-22', '%Y-%m-%d'), 'Russia'),
    ('Robin Lehner', DATE_FORMAT('1991-07-24', '%Y-%m-%d'), 'Sweden'),
    ('Jakub Demek', DATE_FORMAT('2002-06-29', '%Y-%m-%d'), 'Slovakia'),
    ('Jordan Gustafson', DATE_FORMAT('2003-03-05', '%Y-%m-%d'), 'Canada'),
    ('Lukas Cormier', DATE_FORMAT('2001-03-27', '%Y-%m-%d'), 'Canada');

INSERT INTO Players (player_id, position, number, height, weight) VALUES
    ((SELECT person_id FROM Person WHERE name = 'Jack Eichel'), 'C', 9, 188, 214),
    ((SELECT person_id FROM Person WHERE name = 'Mark Stone'), 'RW', 61, 191, 219),
    ((SELECT person_id FROM Person WHERE name = 'Tomáš Hertl'), 'C', 48, 191, 215),
    ((SELECT person_id FROM Person WHERE name = 'William Karlsson'), 'C', 71, 185, 189),
    ((SELECT person_id FROM Person WHERE name = 'Ivan Barbashev'), 'C', 49, 185, 195),
    ((SELECT person_id FROM Person WHERE name = 'Nicolas Roy'), 'C', 10, 193, 207),
    ((SELECT person_id FROM Person WHERE name = 'Brett Howden'), 'C', 21, 191, 193),
    ((SELECT person_id FROM Person WHERE name = 'Pavel Dorofeyev'), 'LW', 16, 185, 176),
    ((SELECT person_id FROM Person WHERE name = 'Keegan Kolesar'), 'RW', 55, 188, 224),
    ((SELECT person_id FROM Person WHERE name = 'Victor Olofsson'), 'LW', 95, 180, 182),
    ((SELECT person_id FROM Person WHERE name = 'Brendan Brisson'), 'C', 19, 185, 185),
    ((SELECT person_id FROM Person WHERE name = 'Alexander Holtz'), 'RW', 26, 183, 200),
    ((SELECT person_id FROM Person WHERE name = 'Cole Schwindt'), 'C', 22, 188, 205),
    ((SELECT person_id FROM Person WHERE name = 'Tanner Pearson'), 'LW', 70, 185, 201),
    ((SELECT person_id FROM Person WHERE name = 'Alex Pietrangelo'), 'D', 7, 191, 210),
    ((SELECT person_id FROM Person WHERE name = 'Noah Hanifin'), 'D', 15, 191, 208),
    ((SELECT person_id FROM Person WHERE name = 'Shea Theodore'), 'D', 27, 188, 197),
    ((SELECT person_id FROM Person WHERE name = 'Brayden McNabb'), 'D', 3, 193, 216),
    ((SELECT person_id FROM Person WHERE name = 'Zach Whitecloud'), 'D', 2, 187, 210),
    ((SELECT person_id FROM Person WHERE name = 'Nicolas Hague'), 'D', 14, 198, 215),
    ((SELECT person_id FROM Person WHERE name = 'Ben Hutton'), 'D', 17, 188, 206),
    ((SELECT person_id FROM Person WHERE name = 'Kaedan Korczak'), 'D', 6, 191, 200),
    ((SELECT person_id FROM Person WHERE name = 'Adin Hill'), 'G', 33, 193, 202),
    ((SELECT person_id FROM Person WHERE name = 'Ilya Samsonov'), 'G', 35, 193, 205),
    ((SELECT person_id FROM Person WHERE name = 'Robin Lehner'), 'G', 90, 193, 250),
    ((SELECT person_id FROM Person WHERE name = 'Jakub Demek'), 'C', 13, 195, 203),
    ((SELECT person_id FROM Person WHERE name = 'Jordan Gustafson'), 'C', 37, 183, 192),
    ((SELECT person_id FROM Person WHERE name = 'Lukas Cormier'), 'D', 51, 180, 176);

INSERT INTO Contracts (player_id, team_id, cap_hit) VALUES
    ((SELECT person_id FROM Person WHERE name = 'Jack Eichel'), @knights_team_id, 10000000),
    ((SELECT person_id FROM Person WHERE name = 'Mark Stone'), @knights_team_id, 9500000),
    ((SELECT person_id FROM Person WHERE name = 'Tomáš Hertl'), @knights_team_id, 6754125),
    ((SELECT person_id FROM Person WHERE name = 'William Karlsson'), @knights_team_id, 5900000),
    ((SELECT person_id FROM Person WHERE name = 'Ivan Barbashev'), @knights_team_id, 5000000),
    ((SELECT person_id FROM Person WHERE name = 'Nicolas Roy'), @knights_team_id, 3000000),
    ((SELECT person_id FROM Person WHERE name = 'Brett Howden'), @knights_team_id, 1900000),
    ((SELECT person_id FROM Person WHERE name = 'Pavel Dorofeyev'), @knights_team_id, 1835000),
    ((SELECT person_id FROM Person WHERE name = 'Keegan Kolesar'), @knights_team_id, 1400000),
    ((SELECT person_id FROM Person WHERE name = 'Victor Olofsson'), @knights_team_id, 1075000),
    ((SELECT person_id FROM Person WHERE name = 'Brendan Brisson'), @knights_team_id, 925000),
    ((SELECT person_id FROM Person WHERE name = 'Alexander Holtz'), @knights_team_id, 894166),
    ((SELECT person_id FROM Person WHERE name = 'Cole Schwindt'), @knights_team_id, 800000),
    ((SELECT person_id FROM Person WHERE name = 'Tanner Pearson'), @knights_team_id, 775000),
    ((SELECT person_id FROM Person WHERE name = 'Alex Pietrangelo'), @knights_team_id, 8800000),
    ((SELECT person_id FROM Person WHERE name = 'Noah Hanifin'), @knights_team_id, 7350000),
    ((SELECT person_id FROM Person WHERE name = 'Shea Theodore'), @knights_team_id, 5200000),
    ((SELECT person_id FROM Person WHERE name = 'Brayden McNabb'), @knights_team_id, 2850000),
    ((SELECT person_id FROM Person WHERE name = 'Zach Whitecloud'), @knights_team_id, 2750000),
    ((SELECT person_id FROM Person WHERE name = 'Nicolas Hague'), @knights_team_id, 2294150),
    ((SELECT person_id FROM Person WHERE name = 'Ben Hutton'), @knights_team_id, 975000),
    ((SELECT person_id FROM Person WHERE name = 'Kaedan Korczak'), @knights_team_id, 825000),
    ((SELECT person_id FROM Person WHERE name = 'Adin Hill'), @knights_team_id, 4900000),
    ((SELECT person_id FROM Person WHERE name = 'Ilya Samsonov'), @knights_team_id, 1800000),
    ((SELECT person_id FROM Person WHERE name = 'Robin Lehner'), @knights_team_id, 0),
    ((SELECT person_id FROM Person WHERE name = 'Jakub Demek'), @knights_team_id, 26754),
    ((SELECT person_id FROM Person WHERE name = 'Jordan Gustafson'), @knights_team_id, 0),
    ((SELECT person_id FROM Person WHERE name = 'Lukas Cormier'), @knights_team_id, 29105);



SET @lightning_team_id = (SELECT team_id FROM Teams WHERE team_name = 'Tampa Bay Lightning');

INSERT INTO Person (name, birthdate, nationality) VALUES
    ('Nikita Kucherov', DATE_FORMAT('1993-06-17', '%Y-%m-%d'), 'Russia'),
    ('Brayden Point', DATE_FORMAT('1996-03-13', '%Y-%m-%d'), 'Canada'),
    ('Jake Guentzel', DATE_FORMAT('1994-10-06', '%Y-%m-%d'), 'USA'),
    ('Brandon Hagel', DATE_FORMAT('1998-08-27', '%Y-%m-%d'), 'Canada'),
    ('Anthony Cirelli', DATE_FORMAT('1997-07-15', '%Y-%m-%d'), 'Canada'),
    ('Nicholas Paul', DATE_FORMAT('1995-03-20', '%Y-%m-%d'), 'Canada'),
    ('Conor Sheary', DATE_FORMAT('1992-06-08', '%Y-%m-%d'), 'USA'),
    ('Cam Atkinson', DATE_FORMAT('1989-06-05', '%Y-%m-%d'), 'USA'),
    ('Conor Geekie', DATE_FORMAT('2003-05-05', '%Y-%m-%d'), 'Canada'),
    ('Zemgus Girgensons', DATE_FORMAT('1994-01-05', '%Y-%m-%d'), 'Latvia'),
    ('Michael Eyssimont', DATE_FORMAT('1996-09-09', '%Y-%m-%d'), 'USA'),
    ('Luke Glendening', DATE_FORMAT('1989-04-28', '%Y-%m-%d'), 'USA'),
    ('Mitchell Chaffee', DATE_FORMAT('1998-01-26', '%Y-%m-%d'), 'USA'),
    ('Victor Hedman', DATE_FORMAT('1990-12-18', '%Y-%m-%d'), 'Sweden'),
    ('Ryan McDonagh', DATE_FORMAT('1989-06-13', '%Y-%m-%d'), 'USA'),
    ('Erik Černák', DATE_FORMAT('1997-05-28', '%Y-%m-%d'), 'Slovakia'),
    ('J.J. Moser', DATE_FORMAT('2000-06-06', '%Y-%m-%d'), 'Switzerland'),
    ('Nick Perbix', DATE_FORMAT('1998-06-15', '%Y-%m-%d'), 'USA'),
    ('Darren Raddysh', DATE_FORMAT('1996-02-28', '%Y-%m-%d'), 'Canada'),
    ('Emil Martinsen Lilleberg', DATE_FORMAT('2001-02-06', '%Y-%m-%d'), 'Norway'),
    ('Andrei Vasilevskiy', DATE_FORMAT('1994-07-25', '%Y-%m-%d'), 'Russia'),
    ('Jonas Johansson', DATE_FORMAT('1995-09-19', '%Y-%m-%d'), 'Sweden'),
    ('Jack Finley', DATE_FORMAT('2001-09-02', '%Y-%m-%d'), 'Canada'),
    ('Gabriel Fortier', DATE_FORMAT('1999-02-06', '%Y-%m-%d'), 'Canada');

INSERT INTO Players (player_id, position, number, height, weight) VALUES
    ((SELECT person_id FROM Person WHERE name = 'Nikita Kucherov'), 'RW', 86, 180, 183),
    ((SELECT person_id FROM Person WHERE name = 'Brayden Point'), 'C', 21, 178, 183),
    ((SELECT person_id FROM Person WHERE name = 'Jake Guentzel'), 'LW', 59, 180, 180),
    ((SELECT person_id FROM Person WHERE name = 'Brandon Hagel'), 'LW', 38, 180, 176),
    ((SELECT person_id FROM Person WHERE name = 'Anthony Cirelli'), 'C', 71, 183, 191),
    ((SELECT person_id FROM Person WHERE name = 'Nicholas Paul'), 'LW', 20, 191, 225),
    ((SELECT person_id FROM Person WHERE name = 'Conor Sheary'), 'LW', 73, 173, 175),
    ((SELECT person_id FROM Person WHERE name = 'Cam Atkinson'), 'RW', 13, 173, 176),
    ((SELECT person_id FROM Person WHERE name = 'Conor Geekie'), 'C', 14, 193, 204),
    ((SELECT person_id FROM Person WHERE name = 'Zemgus Girgensons'), 'LW', 28, 186, 198),
    ((SELECT person_id FROM Person WHERE name = 'Michael Eyssimont'), 'C', 23, 180, 180),
    ((SELECT person_id FROM Person WHERE name = 'Luke Glendening'), 'C', 11, 183, 191),
    ((SELECT person_id FROM Person WHERE name = 'Mitchell Chaffee'), 'RW', 41, 183, 205),
    ((SELECT person_id FROM Person WHERE name = 'Victor Hedman'), 'D', 77, 198, 240),
    ((SELECT person_id FROM Person WHERE name = 'Ryan McDonagh'), 'D', 27, 185, 215),
    ((SELECT person_id FROM Person WHERE name = 'Erik Černák'), 'D', 81, 193, 230),
    ((SELECT person_id FROM Person WHERE name = 'J.J. Moser'), 'D', 90, 185, 198),
    ((SELECT person_id FROM Person WHERE name = 'Nick Perbix'), 'D', 48, 193, 194),
    ((SELECT person_id FROM Person WHERE name = 'Darren Raddysh'), 'D', 43, 185, 201),
    ((SELECT person_id FROM Person WHERE name = 'Emil Martinsen Lilleberg'), 'D', 78, 191, 187),
    ((SELECT person_id FROM Person WHERE name = 'Andrei Vasilevskiy'), 'G', 88, 192, 220),
    ((SELECT person_id FROM Person WHERE name = 'Jonas Johansson'), 'G', 31, 196, 202),
    ((SELECT person_id FROM Person WHERE name = 'Jack Finley'), 'C', 62, 198, 207),
    ((SELECT person_id FROM Person WHERE name = 'Gabriel Fortier'), 'LW', 82, 180, 184);

INSERT INTO Contracts (player_id, team_id, cap_hit) VALUES
    ((SELECT person_id FROM Person WHERE name = 'Nikita Kucherov'), @lightning_team_id, 9500000),
    ((SELECT person_id FROM Person WHERE name = 'Brayden Point'), @lightning_team_id, 9500000),
    ((SELECT person_id FROM Person WHERE name = 'Jake Guentzel'), @lightning_team_id, 9000000),
    ((SELECT person_id FROM Person WHERE name = 'Brandon Hagel'), @lightning_team_id, 6500000),
    ((SELECT person_id FROM Person WHERE name = 'Anthony Cirelli'), @lightning_team_id, 6250000),
    ((SELECT person_id FROM Person WHERE name = 'Nicholas Paul'), @lightning_team_id, 3150000),
    ((SELECT person_id FROM Person WHERE name = 'Conor Sheary'), @lightning_team_id, 2000000),
    ((SELECT person_id FROM Person WHERE name = 'Cam Atkinson'), @lightning_team_id, 900000),
    ((SELECT person_id FROM Person WHERE name = 'Conor Geekie'), @lightning_team_id, 886666),
    ((SELECT person_id FROM Person WHERE name = 'Zemgus Girgensons'), @lightning_team_id, 850000),
    ((SELECT person_id FROM Person WHERE name = 'Michael Eyssimont'), @lightning_team_id, 800000),
    ((SELECT person_id FROM Person WHERE name = 'Luke Glendening'), @lightning_team_id, 800000),
    ((SELECT person_id FROM Person WHERE name = 'Mitchell Chaffee'), @lightning_team_id, 800000),
    ((SELECT person_id FROM Person WHERE name = 'Victor Hedman'), @lightning_team_id, 7875000),
    ((SELECT person_id FROM Person WHERE name = 'Ryan McDonagh'), @lightning_team_id, 6750000),
    ((SELECT person_id FROM Person WHERE name = 'Erik Černák'), @lightning_team_id, 5200000),
    ((SELECT person_id FROM Person WHERE name = 'J.J. Moser'), @lightning_team_id, 3375000),
    ((SELECT person_id FROM Person WHERE name = 'Nick Perbix'), @lightning_team_id, 1125000),
    ((SELECT person_id FROM Person WHERE name = 'Darren Raddysh'), @lightning_team_id, 975000),
    ((SELECT person_id FROM Person WHERE name = 'Emil Martinsen Lilleberg'), @lightning_team_id, 870000),
    ((SELECT person_id FROM Person WHERE name = 'Andrei Vasilevskiy'), @lightning_team_id, 9500000),
    ((SELECT person_id FROM Person WHERE name = 'Jonas Johansson'), @lightning_team_id, 775000),
    ((SELECT person_id FROM Person WHERE name = 'Jack Finley'), @lightning_team_id, 83507),
    ((SELECT person_id FROM Person WHERE name = 'Gabriel Fortier'), @lightning_team_id, 0);



SET @panthers_team_id = (SELECT team_id FROM Teams WHERE team_name = 'Florida Panthers');

INSERT INTO Person (name, birthdate, nationality) VALUES
    ('Aleksander Barkov', DATE_FORMAT('1995-09-02', '%Y-%m-%d'), 'Finland'),
    ('Matthew Tkachuk', DATE_FORMAT('1997-12-11', '%Y-%m-%d'), 'USA'),
    ('Sam Reinhart', DATE_FORMAT('1995-11-06', '%Y-%m-%d'), 'Canada'),
    ('Anton Lundell', DATE_FORMAT('2001-10-03', '%Y-%m-%d'), 'Finland'),
    ('Sam Bennett', DATE_FORMAT('1996-06-20', '%Y-%m-%d'), 'Canada'),
    ('Carter Verhaeghe', DATE_FORMAT('1995-08-14', '%Y-%m-%d'), 'Canada'),
    ('Evan Rodrigues', DATE_FORMAT('1993-07-28', '%Y-%m-%d'), 'Canada'),
    ('Eetu Luostarinen', DATE_FORMAT('1998-09-02', '%Y-%m-%d'), 'Finland'),
    ('Mackie Samoskevich', DATE_FORMAT('2001-10-15', '%Y-%m-%d'), 'USA'),
    ('A.J. Greer', DATE_FORMAT('1996-12-14', '%Y-%m-%d'), 'USA'),
    ('Jonah Gadjovich', DATE_FORMAT('1998-10-12', '%Y-%m-%d'), 'Canada'),
    ('Patrick Giles', DATE_FORMAT('1999-01-03', '%Y-%m-%d'), 'USA'),
    ('Jesper Boqvist', DATE_FORMAT('1999-10-30', '%Y-%m-%d'), 'Sweden'),
    ('Aaron Ekblad', DATE_FORMAT('1996-02-07', '%Y-%m-%d'), 'Canada'),
    ('Gustav Forsling', DATE_FORMAT('1996-06-12', '%Y-%m-%d'), 'Sweden'),
    ('Niko Mikkola', DATE_FORMAT('1995-04-27', '%Y-%m-%d'), 'Finland'),
    ('Dmitry Kulikov', DATE_FORMAT('1990-10-29', '%Y-%m-%d'), 'Russia'),
    ('Uvis Balinskis', DATE_FORMAT('1995-08-01', '%Y-%m-%d'), 'Latvia'),
    ('Nate Schmidt', DATE_FORMAT('1991-05-16', '%Y-%m-%d'), 'USA'),
    ('Adam Boqvist', DATE_FORMAT('2000-11-15', '%Y-%m-%d'), 'Sweden'),
    ('Sergei Bobrovsky', DATE_FORMAT('1988-09-20', '%Y-%m-%d'), 'Russia'),
    ('Spencer Knight', DATE_FORMAT('2001-04-19', '%Y-%m-%d'), 'USA'),
    ('Tomáš Nosek', DATE_FORMAT('1992-09-01', '%Y-%m-%d'), 'Czech Republic'),
    ('Justin Sourdif', DATE_FORMAT('2002-03-24', '%Y-%m-%d'), 'Canada');

INSERT INTO Players (player_id, position, number, height, weight) VALUES
    ((SELECT person_id FROM Person WHERE name = 'Aleksander Barkov'), 'C', 16, 191, 216),
    ((SELECT person_id FROM Person WHERE name = 'Matthew Tkachuk'), 'LW', 19, 188, 202),
    ((SELECT person_id FROM Person WHERE name = 'Sam Reinhart'), 'C', 13, 185, 193),
    ((SELECT person_id FROM Person WHERE name = 'Anton Lundell'), 'C', 15, 185, 185),
    ((SELECT person_id FROM Person WHERE name = 'Sam Bennett'), 'C', 9, 185, 200),
    ((SELECT person_id FROM Person WHERE name = 'Carter Verhaeghe'), 'C', 23, 188, 192),
    ((SELECT person_id FROM Person WHERE name = 'Evan Rodrigues'), 'C', 17, 180, 185),
    ((SELECT person_id FROM Person WHERE name = 'Eetu Luostarinen'), 'C', 27, 191, 190),
    ((SELECT person_id FROM Person WHERE name = 'Mackie Samoskevich'), 'RW', 25, 180, 185),
    ((SELECT person_id FROM Person WHERE name = 'A.J. Greer'), 'LW', 10, 191, 215),
    ((SELECT person_id FROM Person WHERE name = 'Jonah Gadjovich'), 'LW', 12, 190, 203),
    ((SELECT person_id FROM Person WHERE name = 'Patrick Giles'), 'RW', 36, 194, 205),
    ((SELECT person_id FROM Person WHERE name = 'Jesper Boqvist'), 'C', 70, 181, 189),
    ((SELECT person_id FROM Person WHERE name = 'Aaron Ekblad'), 'D', 5, 193, 215),
    ((SELECT person_id FROM Person WHERE name = 'Gustav Forsling'), 'D', 42, 183, 186),
    ((SELECT person_id FROM Person WHERE name = 'Niko Mikkola'), 'D', 77, 193, 209),
    ((SELECT person_id FROM Person WHERE name = 'Dmitry Kulikov'), 'D', 7, 185, 204),
    ((SELECT person_id FROM Person WHERE name = 'Uvis Balinskis'), 'D', 26, 185, 200),
    ((SELECT person_id FROM Person WHERE name = 'Nate Schmidt'), 'D', 88, 185, 194),
    ((SELECT person_id FROM Person WHERE name = 'Adam Boqvist'), 'D', 34, 183, 180),
    ((SELECT person_id FROM Person WHERE name = 'Sergei Bobrovsky'), 'G', 72, 188, 182),
    ((SELECT person_id FROM Person WHERE name = 'Spencer Knight'), 'G', 30, 191, 192),
    ((SELECT person_id FROM Person WHERE name = 'Tomáš Nosek'), 'LW', 92, 191, 205),
    ((SELECT person_id FROM Person WHERE name = 'Justin Sourdif'), 'RW', 24, 180, 183);

INSERT INTO Contracts (player_id, team_id, cap_hit) VALUES
    ((SELECT person_id FROM Person WHERE name = 'Aleksander Barkov'), @panthers_team_id, 10000000),
    ((SELECT person_id FROM Person WHERE name = 'Matthew Tkachuk'), @panthers_team_id, 9500000),
    ((SELECT person_id FROM Person WHERE name = 'Sam Reinhart'), @panthers_team_id, 8625000),
    ((SELECT person_id FROM Person WHERE name = 'Anton Lundell'), @panthers_team_id, 5000000),
    ((SELECT person_id FROM Person WHERE name = 'Sam Bennett'), @panthers_team_id, 4425000),
    ((SELECT person_id FROM Person WHERE name = 'Carter Verhaeghe'), @panthers_team_id, 4166666),
    ((SELECT person_id FROM Person WHERE name = 'Evan Rodrigues'), @panthers_team_id, 3000000),
    ((SELECT person_id FROM Person WHERE name = 'Eetu Luostarinen'), @panthers_team_id, 3000000),
    ((SELECT person_id FROM Person WHERE name = 'Mackie Samoskevich'), @panthers_team_id, 925000),
    ((SELECT person_id FROM Person WHERE name = 'A.J. Greer'), @panthers_team_id, 850000),
    ((SELECT person_id FROM Person WHERE name = 'Jonah Gadjovich'), @panthers_team_id, 775000),
    ((SELECT person_id FROM Person WHERE name = 'Patrick Giles'), @panthers_team_id, 775000),
    ((SELECT person_id FROM Person WHERE name = 'Jesper Boqvist'), @panthers_team_id, 775000),
    ((SELECT person_id FROM Person WHERE name = 'Aaron Ekblad'), @panthers_team_id, 7500000),
    ((SELECT person_id FROM Person WHERE name = 'Gustav Forsling'), @panthers_team_id, 5750000),
    ((SELECT person_id FROM Person WHERE name = 'Niko Mikkola'), @panthers_team_id, 2500000),
    ((SELECT person_id FROM Person WHERE name = 'Dmitry Kulikov'), @panthers_team_id, 1150000),
    ((SELECT person_id FROM Person WHERE name = 'Uvis Balinskis'), @panthers_team_id, 850000),
    ((SELECT person_id FROM Person WHERE name = 'Nate Schmidt'), @panthers_team_id, 800000),
    ((SELECT person_id FROM Person WHERE name = 'Adam Boqvist'), @panthers_team_id, 775000),
    ((SELECT person_id FROM Person WHERE name = 'Sergei Bobrovsky'), @panthers_team_id, 10000000),
    ((SELECT person_id FROM Person WHERE name = 'Spencer Knight'), @panthers_team_id, 4500000),
    ((SELECT person_id FROM Person WHERE name = 'Tomáš Nosek'), @panthers_team_id, 775000),
    ((SELECT person_id FROM Person WHERE name = 'Justin Sourdif'), @panthers_team_id, 62120);



SET @bruins_team_id = (SELECT team_id FROM Teams WHERE team_name = 'Boston Bruins');

INSERT INTO Person (name, birthdate, nationality) VALUES
    ('David Pastrňák', DATE_FORMAT('1996-05-25', '%Y-%m-%d'), 'Czech Republic'),
    ('Elias Lindholm', DATE_FORMAT('1994-12-02', '%Y-%m-%d'), 'Sweden'),
    ('Brad Marchand', DATE_FORMAT('1988-05-11', '%Y-%m-%d'), 'Canada'),
    ('Charlie Coyle', DATE_FORMAT('1992-03-02', '%Y-%m-%d'), 'USA'),
    ('Pavel Zacha', DATE_FORMAT('1997-04-06', '%Y-%m-%d'), 'Czech Republic'),
    ('Trent Frederic', DATE_FORMAT('1998-02-11', '%Y-%m-%d'), 'USA'),
    ('Morgan Geekie', DATE_FORMAT('1998-07-20', '%Y-%m-%d'), 'Canada'),
    ('Max Jones', DATE_FORMAT('1998-02-17', '%Y-%m-%d'), 'USA'),
    ('John Beecher', DATE_FORMAT('2001-04-05', '%Y-%m-%d'), 'USA'),
    ('Matthew Poitras', DATE_FORMAT('2003-03-10', '%Y-%m-%d'), 'Canada'),
    ('Mark Kastelic', DATE_FORMAT('1999-03-11', '%Y-%m-%d'), 'Canada'),
    ('Justin Brazeau', DATE_FORMAT('1998-02-02', '%Y-%m-%d'), 'Canada'),
    ('Riley Tufte', DATE_FORMAT('1998-04-10', '%Y-%m-%d'), 'USA'),
    ('Cole Koepke', DATE_FORMAT('1998-06-17', '%Y-%m-%d'), 'USA'),
    ('Charlie McAvoy', DATE_FORMAT('1997-12-21', '%Y-%m-%d'), 'USA'),
    ('Hampus Lindholm', DATE_FORMAT('1994-01-20', '%Y-%m-%d'), 'Sweden'),
    ('Nikita Zadorov', DATE_FORMAT('1995-04-16', '%Y-%m-%d'), 'Russia'),
    ('Brandon Carlo', DATE_FORMAT('1996-11-26', '%Y-%m-%d'), 'USA'),
    ('Andrew Peeke', DATE_FORMAT('1998-03-17', '%Y-%m-%d'), 'USA'),
    ('Mason Lohrei', DATE_FORMAT('2000-01-30', '%Y-%m-%d'), 'USA'),
    ('Parker Wotherspoon', DATE_FORMAT('1997-08-24', '%Y-%m-%d'), 'Canada'),
    ('Jeremy Swayman', DATE_FORMAT('1998-11-24', '%Y-%m-%d'), 'USA'),
    ('Joonas Korpisalo', DATE_FORMAT('1994-04-28', '%Y-%m-%d'), 'Finland'),
    ('Alec Regula', DATE_FORMAT('1999-08-06', '%Y-%m-%d'), 'USA'),
    ('Joseph Abate', DATE_FORMAT('1998-05-16', '%Y-%m-%d'), 'USA');

INSERT INTO Players (player_id, position, number, height, weight) VALUES
    ((SELECT person_id FROM Person WHERE name = 'David Pastrňák'), 'RW', 88, 183, 194),
    ((SELECT person_id FROM Person WHERE name = 'Elias Lindholm'), 'C', 28, 185, 192),
    ((SELECT person_id FROM Person WHERE name = 'Brad Marchand'), 'LW', 63, 175, 181),
    ((SELECT person_id FROM Person WHERE name = 'Charlie Coyle'), 'C', 13, 191, 220),
    ((SELECT person_id FROM Person WHERE name = 'Pavel Zacha'), 'C', 18, 191, 210),
    ((SELECT person_id FROM Person WHERE name = 'Trent Frederic'), 'C', 11, 188, 203),
    ((SELECT person_id FROM Person WHERE name = 'Morgan Geekie'), 'C', 39, 191, 192),
    ((SELECT person_id FROM Person WHERE name = 'Max Jones'), 'LW', 49, 191, 220),
    ((SELECT person_id FROM Person WHERE name = 'John Beecher'), 'C', 19, 191, 209),
    ((SELECT person_id FROM Person WHERE name = 'Matthew Poitras'), 'C', 51, 180, 176),
    ((SELECT person_id FROM Person WHERE name = 'Mark Kastelic'), 'C', 47, 193, 232),
    ((SELECT person_id FROM Person WHERE name = 'Justin Brazeau'), 'RW', 55, 196, 220),
    ((SELECT person_id FROM Person WHERE name = 'Riley Tufte'), 'LW', 10, 198, 230),
    ((SELECT person_id FROM Person WHERE name = 'Cole Koepke'), 'LW', 45, 185, 200),
    ((SELECT person_id FROM Person WHERE name = 'Charlie McAvoy'), 'D', 73, 185, 208),
    ((SELECT person_id FROM Person WHERE name = 'Hampus Lindholm'), 'D', 27, 193, 215),
    ((SELECT person_id FROM Person WHERE name = 'Nikita Zadorov'), 'D', 91, 198, 235),
    ((SELECT person_id FROM Person WHERE name = 'Brandon Carlo'), 'D', 25, 196, 218),
    ((SELECT person_id FROM Person WHERE name = 'Andrew Peeke'), 'D', 52, 191, 190),
    ((SELECT person_id FROM Person WHERE name = 'Mason Lohrei'), 'D', 6, 195, 200),
    ((SELECT person_id FROM Person WHERE name = 'Parker Wotherspoon'), 'D', 29, 185, 190),
    ((SELECT person_id FROM Person WHERE name = 'Jeremy Swayman'), 'G', 1, 188, 200),
    ((SELECT person_id FROM Person WHERE name = 'Joonas Korpisalo'), 'G', 70, 190, 185),
    ((SELECT person_id FROM Person WHERE name = 'Alec Regula'), 'D', 75, 193, 201),
    ((SELECT person_id FROM Person WHERE name = 'Joseph Abate'), 'LW', 53, 188, 187);

INSERT INTO Contracts (player_id, team_id, cap_hit) VALUES
    ((SELECT person_id FROM Person WHERE name = 'David Pastrňák'), @bruins_team_id, 11250000),
    ((SELECT person_id FROM Person WHERE name = 'Elias Lindholm'), @bruins_team_id, 7750000),
    ((SELECT person_id FROM Person WHERE name = 'Brad Marchand'), @bruins_team_id, 6125000),
    ((SELECT person_id FROM Person WHERE name = 'Charlie Coyle'), @bruins_team_id, 5250000),
    ((SELECT person_id FROM Person WHERE name = 'Pavel Zacha'), @bruins_team_id, 4750000),
    ((SELECT person_id FROM Person WHERE name = 'Trent Frederic'), @bruins_team_id, 2300000),
    ((SELECT person_id FROM Person WHERE name = 'Morgan Geekie'), @bruins_team_id, 2000000),
    ((SELECT person_id FROM Person WHERE name = 'Max Jones'), @bruins_team_id, 1000000),
    ((SELECT person_id FROM Person WHERE name = 'John Beecher'), @bruins_team_id, 925000),
    ((SELECT person_id FROM Person WHERE name = 'Matthew Poitras'), @bruins_team_id, 870000),
    ((SELECT person_id FROM Person WHERE name = 'Mark Kastelic'), @bruins_team_id, 835000),
    ((SELECT person_id FROM Person WHERE name = 'Justin Brazeau'), @bruins_team_id, 775000),
    ((SELECT person_id FROM Person WHERE name = 'Riley Tufte'), @bruins_team_id, 775000),
    ((SELECT person_id FROM Person WHERE name = 'Cole Koepke'), @bruins_team_id, 775000),
    ((SELECT person_id FROM Person WHERE name = 'Charlie McAvoy'), @bruins_team_id, 9500000),
    ((SELECT person_id FROM Person WHERE name = 'Hampus Lindholm'), @bruins_team_id, 6500000),
    ((SELECT person_id FROM Person WHERE name = 'Nikita Zadorov'), @bruins_team_id, 5000000),
    ((SELECT person_id FROM Person WHERE name = 'Brandon Carlo'), @bruins_team_id, 4100000),
    ((SELECT person_id FROM Person WHERE name = 'Andrew Peeke'), @bruins_team_id, 2750000),
    ((SELECT person_id FROM Person WHERE name = 'Mason Lohrei'), @bruins_team_id, 925000),
    ((SELECT person_id FROM Person WHERE name = 'Parker Wotherspoon'), @bruins_team_id, 800000),
    ((SELECT person_id FROM Person WHERE name = 'Jeremy Swayman'), @bruins_team_id, 8250000),
    ((SELECT person_id FROM Person WHERE name = 'Joonas Korpisalo'), @bruins_team_id, 3000000),
    ((SELECT person_id FROM Person WHERE name = 'Alec Regula'), @bruins_team_id, 0),
    ((SELECT person_id FROM Person WHERE name = 'Joseph Abate'), @bruins_team_id, 0);



SET @wild_team_id = (SELECT team_id FROM Teams WHERE team_name = 'Minnesota Wild');

INSERT INTO Person (name, birthdate, nationality) VALUES
    ('Kirill Kaprizov', DATE_FORMAT('1997-04-26', '%Y-%m-%d'), 'Russia'),
    ('Matt Boldy', DATE_FORMAT('2001-04-05', '%Y-%m-%d'), 'USA'),
    ('Joel Eriksson Ek', DATE_FORMAT('1997-01-29', '%Y-%m-%d'), 'Sweden'),
    ('Mats Zuccarello', DATE_FORMAT('1987-09-01', '%Y-%m-%d'), 'Norway'),
    ('Marcus Foligno', DATE_FORMAT('1991-08-10', '%Y-%m-%d'), 'Canada'),
    ('Ryan Hartman', DATE_FORMAT('1994-09-20', '%Y-%m-%d'), 'USA'),
    ('Yakov Trenin', DATE_FORMAT('1997-01-13', '%Y-%m-%d'), 'Russia'),
    ('Frédérick Gaudreau', DATE_FORMAT('1993-05-01', '%Y-%m-%d'), 'Canada'),
    ('Marcus Johansson', DATE_FORMAT('1990-10-06', '%Y-%m-%d'), 'Sweden'),
    ('Marat Khusnutdinov', DATE_FORMAT('2002-07-21', '%Y-%m-%d'), 'Russia'),
    ('Liam Öhgren', DATE_FORMAT('2003-01-28', '%Y-%m-%d'), 'Sweden'),
    ('Marco Rossi', DATE_FORMAT('2001-09-23', '%Y-%m-%d'), 'Austria'),
    ('Jakub Lauko', DATE_FORMAT('1999-03-28', '%Y-%m-%d'), 'Czech Republic'),
    ('Travis Boyd', DATE_FORMAT('1996-09-14', '%Y-%m-%d'), 'USA'),
    ('Jared Spurgeon', DATE_FORMAT('1989-11-29', '%Y-%m-%d'), 'Canada'),
    ('Jonas Brodin', DATE_FORMAT('1993-07-12', '%Y-%m-%d'), 'Sweden'),
    ('Jacob Middleton', DATE_FORMAT('1996-01-02', '%Y-%m-%d'), 'Canada'),
    ('Zach Bogosian', DATE_FORMAT('1990-07-15', '%Y-%m-%d'), 'USA'),
    ('Jon Merrill', DATE_FORMAT('1992-02-03', '%Y-%m-%d'), 'USA'),
    ('Declan Chisholm', DATE_FORMAT('2000-01-12', '%Y-%m-%d'), 'Canada'),
    ('Brock Faber', DATE_FORMAT('2002-08-22', '%Y-%m-%d'), 'USA'),
    ('Filip Gustavsson', DATE_FORMAT('1998-06-07', '%Y-%m-%d'), 'Sweden'),
    ('Marc-André Fleury', DATE_FORMAT('1984-11-28', '%Y-%m-%d'), 'Canada'),
    ('Graeme Clarke', DATE_FORMAT('2000-04-24', '%Y-%m-%d'), 'Canada'),
    ('Troy Grosenick', DATE_FORMAT('1988-08-27', '%Y-%m-%d'), 'USA'),
    ('Sam Hentges', DATE_FORMAT('1998-07-26', '%Y-%m-%d'), 'USA'),
    ('Nicolas Beaudin', DATE_FORMAT('1999-10-07', '%Y-%m-%d'), 'Canada');

INSERT INTO Players (player_id, position, number, height, weight) VALUES
    ((SELECT person_id FROM Person WHERE name = 'Kirill Kaprizov'), 'LW', 97, 178, 202),
    ((SELECT person_id FROM Person WHERE name = 'Matt Boldy'), 'LW', 12, 188, 201),
    ((SELECT person_id FROM Person WHERE name = 'Joel Eriksson Ek'), 'C', 14, 191, 208),
    ((SELECT person_id FROM Person WHERE name = 'Mats Zuccarello'), 'RW', 36, 173, 181),
    ((SELECT person_id FROM Person WHERE name = 'Marcus Foligno'), 'LW', 17, 191, 229),
    ((SELECT person_id FROM Person WHERE name = 'Ryan Hartman'), 'RW', 38, 183, 181),
    ((SELECT person_id FROM Person WHERE name = 'Yakov Trenin'), 'C', 13, 189, 223),
    ((SELECT person_id FROM Person WHERE name = 'Frédérick Gaudreau'), 'C', 89, 183, 180),
    ((SELECT person_id FROM Person WHERE name = 'Marcus Johansson'), 'LW', 90, 185, 203),
    ((SELECT person_id FROM Person WHERE name = 'Marat Khusnutdinov'), 'C', 22, 180, 176),
    ((SELECT person_id FROM Person WHERE name = 'Liam Öhgren'), 'LW', 28, 183, 183),
    ((SELECT person_id FROM Person WHERE name = 'Marco Rossi'), 'C', 23, 185, 183),
    ((SELECT person_id FROM Person WHERE name = 'Jakub Lauko'), 'C', 94, 183, 190),
    ((SELECT person_id FROM Person WHERE name = 'Travis Boyd'), 'C', 72, 183, 190),
    ((SELECT person_id FROM Person WHERE name = 'Jared Spurgeon'), 'D', 46, 175, 167),
    ((SELECT person_id FROM Person WHERE name = 'Jonas Brodin'), 'D', 25, 185, 196),
    ((SELECT person_id FROM Person WHERE name = 'Jacob Middleton'), 'D', 5, 191, 210),
    ((SELECT person_id FROM Person WHERE name = 'Zach Bogosian'), 'D', 24, 188, 222),
    ((SELECT person_id FROM Person WHERE name = 'Jon Merrill'), 'D', 4, 191, 205),
    ((SELECT person_id FROM Person WHERE name = 'Declan Chisholm'), 'D', 47, 183, 192),
    ((SELECT person_id FROM Person WHERE name = 'Brock Faber'), 'D', 7, 184, 199),
    ((SELECT person_id FROM Person WHERE name = 'Filip Gustavsson'), 'G', 32, 191, 185),
    ((SELECT person_id FROM Person WHERE name = 'Marc-André Fleury'), 'G', 29, 188, 185),
    ((SELECT person_id FROM Person WHERE name = 'Graeme Clarke'), 'RW', 26, 183, 185),
    ((SELECT person_id FROM Person WHERE name = 'Troy Grosenick'), 'G', 31, 187, 185),
    ((SELECT person_id FROM Person WHERE name = 'Sam Hentges'), 'C', 54, 183, 195),
    ((SELECT person_id FROM Person WHERE name = 'Nicolas Beaudin'), 'D', 92, 180, 195);

INSERT INTO Contracts (player_id, team_id, cap_hit) VALUES
    ((SELECT person_id FROM Person WHERE name = 'Kirill Kaprizov'), @wild_team_id, 9000000),
    ((SELECT person_id FROM Person WHERE name = 'Matt Boldy'), @wild_team_id, 7000000),
    ((SELECT person_id FROM Person WHERE name = 'Joel Eriksson Ek'), @wild_team_id, 5250000),
    ((SELECT person_id FROM Person WHERE name = 'Mats Zuccarello'), @wild_team_id, 4125000),
    ((SELECT person_id FROM Person WHERE name = 'Marcus Foligno'), @wild_team_id, 4000000),
    ((SELECT person_id FROM Person WHERE name = 'Ryan Hartman'), @wild_team_id, 4000000),
    ((SELECT person_id FROM Person WHERE name = 'Yakov Trenin'), @wild_team_id, 3500000),
    ((SELECT person_id FROM Person WHERE name = 'Frédérick Gaudreau'), @wild_team_id, 2100000),
    ((SELECT person_id FROM Person WHERE name = 'Marcus Johansson'), @wild_team_id, 2000000),
    ((SELECT person_id FROM Person WHERE name = 'Marat Khusnutdinov'), @wild_team_id, 925000),
    ((SELECT person_id FROM Person WHERE name = 'Liam Öhgren'), @wild_team_id, 886666),
    ((SELECT person_id FROM Person WHERE name = 'Marco Rossi'), @wild_team_id, 863333),
    ((SELECT person_id FROM Person WHERE name = 'Jakub Lauko'), @wild_team_id, 787500),
    ((SELECT person_id FROM Person WHERE name = 'Travis Boyd'), @wild_team_id, 0),
    ((SELECT person_id FROM Person WHERE name = 'Jared Spurgeon'), @wild_team_id, 7575000),
    ((SELECT person_id FROM Person WHERE name = 'Jonas Brodin'), @wild_team_id, 6000000),
    ((SELECT person_id FROM Person WHERE name = 'Jacob Middleton'), @wild_team_id, 2450000),
    ((SELECT person_id FROM Person WHERE name = 'Zach Bogosian'), @wild_team_id, 1250000),
    ((SELECT person_id FROM Person WHERE name = 'Jon Merrill'), @wild_team_id, 1200000),
    ((SELECT person_id FROM Person WHERE name = 'Declan Chisholm'), @wild_team_id, 1000000),
    ((SELECT person_id FROM Person WHERE name = 'Brock Faber'), @wild_team_id, 925000),
    ((SELECT person_id FROM Person WHERE name = 'Filip Gustavsson'), @wild_team_id, 3750000),
    ((SELECT person_id FROM Person WHERE name = 'Marc-André Fleury'), @wild_team_id, 2500000),
    ((SELECT person_id FROM Person WHERE name = 'Graeme Clarke'), @wild_team_id, 41884),
    ((SELECT person_id FROM Person WHERE name = 'Troy Grosenick'), @wild_team_id, 4057),
    ((SELECT person_id FROM Person WHERE name = 'Sam Hentges'), @wild_team_id, 0),
    ((SELECT person_id FROM Person WHERE name = 'Nicolas Beaudin'), @wild_team_id, 0);



SET @predators_team_id = (SELECT team_id FROM Teams WHERE team_name = 'Nashville Predators');

INSERT INTO Person (name, birthdate, nationality) VALUES
    ('Filip Forsberg', DATE_FORMAT('1994-08-13', '%Y-%m-%d'), 'Sweden'),
    ('Steven Stamkos', DATE_FORMAT('1990-02-07', '%Y-%m-%d'), 'Canada'),
    ('Jonathan Marchessault', DATE_FORMAT('1990-12-27', '%Y-%m-%d'), 'Canada'),
    ('Ryan O\'Reilly', DATE_FORMAT('1991-02-07', '%Y-%m-%d'), 'Canada'),
    ('Thomas Novak', DATE_FORMAT('1997-04-28', '%Y-%m-%d'), 'USA'),
    ('Gustav Nyquist', DATE_FORMAT('1989-09-01', '%Y-%m-%d'), 'Sweden'),
    ('Colton Sissons', DATE_FORMAT('1993-11-05', '%Y-%m-%d'), 'Canada'),
    ('Cole Smith', DATE_FORMAT('1995-10-28', '%Y-%m-%d'), 'Canada'),
    ('Michael McCarron', DATE_FORMAT('1995-03-07', '%Y-%m-%d'), 'USA'),
    ('Philip Tomasino', DATE_FORMAT('2001-07-28', '%Y-%m-%d'), 'Canada'),
    ('Mark Jankowski', DATE_FORMAT('1994-09-13', '%Y-%m-%d'), 'Canada'),
    ('Luke Evangelista', DATE_FORMAT('2002-02-21', '%Y-%m-%d'), 'Canada'),
    ('Juuso Pärssinen', DATE_FORMAT('2001-01-01', '%Y-%m-%d'), 'Finland'),
    ('Roman Josi', DATE_FORMAT('1990-06-01', '%Y-%m-%d'), 'Switzerland'),
    ('Brady Skjei', DATE_FORMAT('1994-03-26', '%Y-%m-%d'), 'USA'),
    ('Alexandre Carrier', DATE_FORMAT('1996-10-08', '%Y-%m-%d'), 'Canada'),
    ('Luke Schenn', DATE_FORMAT('1989-11-02', '%Y-%m-%d'), 'Canada'),
    ('Dante Fabbro', DATE_FORMAT('1998-06-20', '%Y-%m-%d'), 'Canada'),
    ('Jérémy Lauzon', DATE_FORMAT('1997-04-28', '%Y-%m-%d'), 'Canada'),
    ('Juuse Saros', DATE_FORMAT('1995-04-19', '%Y-%m-%d'), 'Finland'),
    ('Scott Wedgewood', DATE_FORMAT('1992-08-14', '%Y-%m-%d'), 'Canada'),
    ('Austin Roest', DATE_FORMAT('2003-03-15', '%Y-%m-%d'), 'Canada'),
    ('Spencer Stastney', DATE_FORMAT('1999-05-04', '%Y-%m-%d'), 'USA');

INSERT INTO Players (player_id, position, number, height, weight) VALUES
    ((SELECT person_id FROM Person WHERE name = 'Filip Forsberg'), 'LW', 9, 188, 205),
    ((SELECT person_id FROM Person WHERE name = 'Steven Stamkos'), 'C', 91, 185, 194),
    ((SELECT person_id FROM Person WHERE name = 'Jonathan Marchessault'), 'C', 81, 175, 180),
    ((SELECT person_id FROM Person WHERE name = 'Ryan O\'Reilly'), 'C', 90, 185, 216),
    ((SELECT person_id FROM Person WHERE name = 'Thomas Novak'), 'C', 82, 185, 191),
    ((SELECT person_id FROM Person WHERE name = 'Gustav Nyquist'), 'C', 14, 180, 184),
    ((SELECT person_id FROM Person WHERE name = 'Colton Sissons'), 'C', 10, 185, 200),
    ((SELECT person_id FROM Person WHERE name = 'Cole Smith'), 'LW', 36, 190, 195),
    ((SELECT person_id FROM Person WHERE name = 'Michael McCarron'), 'RW', 47, 198, 232),
    ((SELECT person_id FROM Person WHERE name = 'Philip Tomasino'), 'C', 26, 183, 192),
    ((SELECT person_id FROM Person WHERE name = 'Mark Jankowski'), 'C', 17, 193, 218),
    ((SELECT person_id FROM Person WHERE name = 'Luke Evangelista'), 'RW', 77, 183, 165),
    ((SELECT person_id FROM Person WHERE name = 'Juuso Pärssinen'), 'C', 13, 191, 200),
    ((SELECT person_id FROM Person WHERE name = 'Roman Josi'), 'D', 59, 188, 201),
    ((SELECT person_id FROM Person WHERE name = 'Brady Skjei'), 'D', 76, 191, 210),
    ((SELECT person_id FROM Person WHERE name = 'Alexandre Carrier'), 'D', 45, 180, 174),
    ((SELECT person_id FROM Person WHERE name = 'Luke Schenn'), 'D', 2, 188, 230),
    ((SELECT person_id FROM Person WHERE name = 'Dante Fabbro'), 'D', 57, 183, 189),
    ((SELECT person_id FROM Person WHERE name = 'Jérémy Lauzon'), 'D', 3, 185, 205),
    ((SELECT person_id FROM Person WHERE name = 'Juuse Saros'), 'G', 74, 178, 181),
    ((SELECT person_id FROM Person WHERE name = 'Scott Wedgewood'), 'G', 41, 188, 200),
    ((SELECT person_id FROM Person WHERE name = 'Austin Roest'), 'C', 93, 178, 165),
    ((SELECT person_id FROM Person WHERE name = 'Spencer Stastney'), 'D', 24, 183, 191);

INSERT INTO Contracts (player_id, team_id, cap_hit) VALUES
    ((SELECT person_id FROM Person WHERE name = 'Filip Forsberg'), @predators_team_id, 8500000),
    ((SELECT person_id FROM Person WHERE name = 'Steven Stamkos'), @predators_team_id, 8000000),
    ((SELECT person_id FROM Person WHERE name = 'Jonathan Marchessault'), @predators_team_id, 5500000),
    ((SELECT person_id FROM Person WHERE name = 'Ryan O\'Reilly'), @predators_team_id, 4500000),
    ((SELECT person_id FROM Person WHERE name = 'Thomas Novak'), @predators_team_id, 3500000),
    ((SELECT person_id FROM Person WHERE name = 'Gustav Nyquist'), @predators_team_id, 3185000),
    ((SELECT person_id FROM Person WHERE name = 'Colton Sissons'), @predators_team_id, 2857142),
    ((SELECT person_id FROM Person WHERE name = 'Cole Smith'), @predators_team_id, 1000000),
    ((SELECT person_id FROM Person WHERE name = 'Michael McCarron'), @predators_team_id, 900000),
    ((SELECT person_id FROM Person WHERE name = 'Philip Tomasino'), @predators_team_id, 825000),
    ((SELECT person_id FROM Person WHERE name = 'Mark Jankowski'), @predators_team_id, 800000),
    ((SELECT person_id FROM Person WHERE name = 'Luke Evangelista'), @predators_team_id, 793333),
    ((SELECT person_id FROM Person WHERE name = 'Juuso Pärssinen'), @predators_team_id, 775000),
    ((SELECT person_id FROM Person WHERE name = 'Roman Josi'), @predators_team_id, 9059000),
    ((SELECT person_id FROM Person WHERE name = 'Brady Skjei'), @predators_team_id, 7000000),
    ((SELECT person_id FROM Person WHERE name = 'Alexandre Carrier'), @predators_team_id, 3750000),
    ((SELECT person_id FROM Person WHERE name = 'Luke Schenn'), @predators_team_id, 2750000),
    ((SELECT person_id FROM Person WHERE name = 'Dante Fabbro'), @predators_team_id, 2500000),
    ((SELECT person_id FROM Person WHERE name = 'Jérémy Lauzon'), @predators_team_id, 2000000),
    ((SELECT person_id FROM Person WHERE name = 'Juuse Saros'), @predators_team_id, 5000000),
    ((SELECT person_id FROM Person WHERE name = 'Scott Wedgewood'), @predators_team_id, 1500000),
    ((SELECT person_id FROM Person WHERE name = 'Austin Roest'), @predators_team_id, 0),
    ((SELECT person_id FROM Person WHERE name = 'Spencer Stastney'), @predators_team_id, 250523);




SET @canadiens_team_id = (SELECT team_id FROM Teams WHERE team_name = 'Montréal Canadiens');

INSERT INTO Person (name, birthdate, nationality) VALUES
    ('Nick Suzuki', DATE_FORMAT('1999-08-10', '%Y-%m-%d'), 'Canada'),
    ('Cole Caufield', DATE_FORMAT('2001-01-02', '%Y-%m-%d'), 'USA'),
    ('Brendan Gallagher', DATE_FORMAT('1992-05-06', '%Y-%m-%d'), 'Canada'),
    ('Josh Anderson', DATE_FORMAT('1994-05-07', '%Y-%m-%d'), 'Canada'),
    ('Christian Dvorak', DATE_FORMAT('1996-02-02', '%Y-%m-%d'), 'USA'),
    ('Joel Armia', DATE_FORMAT('1993-05-31', '%Y-%m-%d'), 'Finland'),
    ('Kirby Dach', DATE_FORMAT('2001-01-21', '%Y-%m-%d'), 'Canada'),
    ('Alex Newhook', DATE_FORMAT('2001-01-28', '%Y-%m-%d'), 'Canada'),
    ('Jake Evans', DATE_FORMAT('1996-06-06', '%Y-%m-%d'), 'Canada'),
    ('Juraj Slafkovský', DATE_FORMAT('2004-03-30', '%Y-%m-%d'), 'Slovakia'),
    ('Oliver Kapanen', DATE_FORMAT('2003-07-29', '%Y-%m-%d'), 'Finland'),
    ('Michael Pezzetta', DATE_FORMAT('1998-03-13', '%Y-%m-%d'), 'Canada'),
    ('Mike Matheson', DATE_FORMAT('1994-02-27', '%Y-%m-%d'), 'Canada'),
    ('David Savard', DATE_FORMAT('1990-10-22', '%Y-%m-%d'), 'Canada'),
    ('Justin Barron', DATE_FORMAT('2001-11-15', '%Y-%m-%d'), 'Canada'),
    ('Lane Hutson', DATE_FORMAT('2004-02-14', '%Y-%m-%d'), 'USA'),
    ('Kaiden Guhle', DATE_FORMAT('2002-01-18', '%Y-%m-%d'), 'Canada'),
    ('Carey Price', DATE_FORMAT('1987-08-16', '%Y-%m-%d'), 'Canada'),
    ('Sam Montembeault', DATE_FORMAT('1996-10-30', '%Y-%m-%d'), 'Canada'),
    ('Cayden Primeau', DATE_FORMAT('1999-08-11', '%Y-%m-%d'), 'USA'),
    ('Patrik Laine', DATE_FORMAT('1998-04-19', '%Y-%m-%d'), 'Finland'),
    ('Rafaël Harvey-Pinard', DATE_FORMAT('1999-01-06', '%Y-%m-%d'), 'Canada'),
    ('Emil Heineman', DATE_FORMAT('2001-11-17', '%Y-%m-%d'), 'Sweden'),
    ('David Reinbacher', DATE_FORMAT('2004-10-25', '%Y-%m-%d'), 'Austria');

INSERT INTO Players (player_id, position, number, height, weight) VALUES
    ((SELECT person_id FROM Person WHERE name = 'Nick Suzuki'), 'C', 14, 180, 208),
    ((SELECT person_id FROM Person WHERE name = 'Cole Caufield'), 'RW', 13, 170, 162),
    ((SELECT person_id FROM Person WHERE name = 'Brendan Gallagher'), 'RW', 11, 175, 184),
    ((SELECT person_id FROM Person WHERE name = 'Josh Anderson'), 'RW', 17, 191, 227),
    ((SELECT person_id FROM Person WHERE name = 'Christian Dvorak'), 'LW', 28, 183, 197),
    ((SELECT person_id FROM Person WHERE name = 'Joel Armia'), 'RW', 40, 191, 218),
    ((SELECT person_id FROM Person WHERE name = 'Kirby Dach'), 'C', 77, 193, 206),
    ((SELECT person_id FROM Person WHERE name = 'Alex Newhook'), 'C', 15, 180, 192),
    ((SELECT person_id FROM Person WHERE name = 'Jake Evans'), 'C', 71, 182, 190),
    ((SELECT person_id FROM Person WHERE name = 'Juraj Slafkovský'), 'LW', 20, 190, 238),
    ((SELECT person_id FROM Person WHERE name = 'Oliver Kapanen'), 'C', 91, 186, 180),
    ((SELECT person_id FROM Person WHERE name = 'Michael Pezzetta'), 'LW', 55, 185, 208),
    ((SELECT person_id FROM Person WHERE name = 'Mike Matheson'), 'D', 8, 188, 193),
    ((SELECT person_id FROM Person WHERE name = 'David Savard'), 'D', 58, 188, 234),
    ((SELECT person_id FROM Person WHERE name = 'Justin Barron'), 'D', 52, 188, 187),
    ((SELECT person_id FROM Person WHERE name = 'Lane Hutson'), 'D', 48, 178, 155),
    ((SELECT person_id FROM Person WHERE name = 'Kaiden Guhle'), 'D', 21, 188, 204),
    ((SELECT person_id FROM Person WHERE name = 'Carey Price'), 'G', 31, 191, 220),
    ((SELECT person_id FROM Person WHERE name = 'Sam Montembeault'), 'G', 35, 191, 199),
    ((SELECT person_id FROM Person WHERE name = 'Cayden Primeau'), 'G', 30, 191, 199),
    ((SELECT person_id FROM Person WHERE name = 'Patrik Laine'), 'LW', 92, 196, 201),
    ((SELECT person_id FROM Person WHERE name = 'Rafaël Harvey-Pinard'), 'LW', 49, 175, 174),
    ((SELECT person_id FROM Person WHERE name = 'Emil Heineman'), 'LW', 51, 188, 185),
    ((SELECT person_id FROM Person WHERE name = 'David Reinbacher'), 'D', 64, 186, 190);

INSERT INTO Contracts (player_id, team_id, cap_hit) VALUES
    ((SELECT person_id FROM Person WHERE name = 'Nick Suzuki'), @canadiens_team_id, 7875000),
    ((SELECT person_id FROM Person WHERE name = 'Cole Caufield'), @canadiens_team_id, 7850000),
    ((SELECT person_id FROM Person WHERE name = 'Brendan Gallagher'), @canadiens_team_id, 6500000),
    ((SELECT person_id FROM Person WHERE name = 'Josh Anderson'), @canadiens_team_id, 5500000),
    ((SELECT person_id FROM Person WHERE name = 'Christian Dvorak'), @canadiens_team_id, 4450000),
    ((SELECT person_id FROM Person WHERE name = 'Joel Armia'), @canadiens_team_id, 3400000),
    ((SELECT person_id FROM Person WHERE name = 'Kirby Dach'), @canadiens_team_id, 3362500),
    ((SELECT person_id FROM Person WHERE name = 'Alex Newhook'), @canadiens_team_id, 2900000),
    ((SELECT person_id FROM Person WHERE name = 'Jake Evans'), @canadiens_team_id, 1700000),
    ((SELECT person_id FROM Person WHERE name = 'Juraj Slafkovský'), @canadiens_team_id, 950000),
    ((SELECT person_id FROM Person WHERE name = 'Oliver Kapanen'), @canadiens_team_id, 925000),
    ((SELECT person_id FROM Person WHERE name = 'Michael Pezzetta'), @canadiens_team_id, 812500),
    ((SELECT person_id FROM Person WHERE name = 'Mike Matheson'), @canadiens_team_id, 4875000),
    ((SELECT person_id FROM Person WHERE name = 'David Savard'), @canadiens_team_id, 3500000),
    ((SELECT person_id FROM Person WHERE name = 'Justin Barron'), @canadiens_team_id, 1150000),
    ((SELECT person_id FROM Person WHERE name = 'Lane Hutson'), @canadiens_team_id, 950000),
    ((SELECT person_id FROM Person WHERE name = 'Kaiden Guhle'), @canadiens_team_id, 863333),
    ((SELECT person_id FROM Person WHERE name = 'Carey Price'), @canadiens_team_id, 10500000),
    ((SELECT person_id FROM Person WHERE name = 'Sam Montembeault'), @canadiens_team_id, 3150000),
    ((SELECT person_id FROM Person WHERE name = 'Cayden Primeau'), @canadiens_team_id, 890000),
    ((SELECT person_id FROM Person WHERE name = 'Patrik Laine'), @canadiens_team_id, 8700000),
    ((SELECT person_id FROM Person WHERE name = 'Rafaël Harvey-Pinard'), @canadiens_team_id, 1100000),
    ((SELECT person_id FROM Person WHERE name = 'Emil Heineman'), @canadiens_team_id, 103376),
    ((SELECT person_id FROM Person WHERE name = 'David Reinbacher'), @canadiens_team_id, 153856);



SET @kraken_team_id = (SELECT team_id FROM Teams WHERE team_name = 'Seattle Kraken');

INSERT INTO Person (name, birthdate, nationality) VALUES
    ('Matty Beniers', DATE_FORMAT('2002-11-05', '%Y-%m-%d'), 'USA'),
    ('Chandler Stephenson', DATE_FORMAT('1994-04-22', '%Y-%m-%d'), 'Canada'),
    ('Jaden Schwartz', DATE_FORMAT('1992-06-25', '%Y-%m-%d'), 'Canada'),
    ('André Burakovsky', DATE_FORMAT('1995-02-09', '%Y-%m-%d'), 'Sweden'),
    ('Oliver Bjorkstrand', DATE_FORMAT('1995-04-10', '%Y-%m-%d'), 'Denmark'),
    ('Yanni Gourde', DATE_FORMAT('1991-12-15', '%Y-%m-%d'), 'Canada'),
    ('Jared McCann', DATE_FORMAT('1996-05-31', '%Y-%m-%d'), 'Canada'),
    ('Jordan Eberle', DATE_FORMAT('1990-05-15', '%Y-%m-%d'), 'Canada'),
    ('Brandon Tanev', DATE_FORMAT('1991-12-31', '%Y-%m-%d'), 'Canada'),
    ('Eeli Tolvanen', DATE_FORMAT('1999-04-22', '%Y-%m-%d'), 'Finland'),
    ('Shane Wright', DATE_FORMAT('2004-01-05', '%Y-%m-%d'), 'Canada'),
    ('Tye Kartye', DATE_FORMAT('2000-04-30', '%Y-%m-%d'), 'Canada'),
    ('Vince Dunn', DATE_FORMAT('1996-10-29', '%Y-%m-%d'), 'Canada'),
    ('Brandon Montour', DATE_FORMAT('1994-04-11', '%Y-%m-%d'), 'Canada'),
    ('Jamie Oleksiak', DATE_FORMAT('1992-12-21', '%Y-%m-%d'), 'Canada'),
    ('Adam Larsson', DATE_FORMAT('1992-11-12', '%Y-%m-%d'), 'Sweden'),
    ('Will Borgen', DATE_FORMAT('1996-12-19', '%Y-%m-%d'), 'USA'),
    ('Ryker Evans', DATE_FORMAT('2001-09-13', '%Y-%m-%d'), 'Canada'),
    ('Josh Mahura', DATE_FORMAT('1998-05-05', '%Y-%m-%d'), 'Canada'),
    ('Philipp Grubauer', DATE_FORMAT('1991-11-25', '%Y-%m-%d'), 'Germany'),
    ('Joey Daccord', DATE_FORMAT('1996-08-19', '%Y-%m-%d'), 'Canada');

INSERT INTO Players (player_id, position, number, height, weight) VALUES
    ((SELECT person_id FROM Person WHERE name = 'Matty Beniers'), 'C', 10, 188, 178),
    ((SELECT person_id FROM Person WHERE name = 'Chandler Stephenson'), 'C', 9, 183, 192),
    ((SELECT person_id FROM Person WHERE name = 'Jaden Schwartz'), 'C', 17, 178, 190),
    ((SELECT person_id FROM Person WHERE name = 'André Burakovsky'), 'LW', 95, 188, 200),
    ((SELECT person_id FROM Person WHERE name = 'Oliver Bjorkstrand'), 'RW', 22, 183, 177),
    ((SELECT person_id FROM Person WHERE name = 'Yanni Gourde'), 'C', 37, 175, 173),
    ((SELECT person_id FROM Person WHERE name = 'Jared McCann'), 'LW', 19, 185, 185),
    ((SELECT person_id FROM Person WHERE name = 'Jordan Eberle'), 'RW', 7, 180, 187),
    ((SELECT person_id FROM Person WHERE name = 'Brandon Tanev'), 'LW', 13, 183, 181),
    ((SELECT person_id FROM Person WHERE name = 'Eeli Tolvanen'), 'RW', 20, 180, 189),
    ((SELECT person_id FROM Person WHERE name = 'Shane Wright'), 'C', 51, 185, 191),
    ((SELECT person_id FROM Person WHERE name = 'Tye Kartye'), 'LW', 12, 185, 201),
    ((SELECT person_id FROM Person WHERE name = 'Vince Dunn'), 'D', 29, 183, 203),
    ((SELECT person_id FROM Person WHERE name = 'Brandon Montour'), 'D', 62, 183, 192),
    ((SELECT person_id FROM Person WHERE name = 'Jamie Oleksiak'), 'D', 24, 201, 255),
    ((SELECT person_id FROM Person WHERE name = 'Adam Larsson'), 'D', 6, 191, 208),
    ((SELECT person_id FROM Person WHERE name = 'Will Borgen'), 'D', 3, 188, 197),
    ((SELECT person_id FROM Person WHERE name = 'Ryker Evans'), 'D', 41, 185, 192),
    ((SELECT person_id FROM Person WHERE name = 'Josh Mahura'), 'D', 28, 183, 190),
    ((SELECT person_id FROM Person WHERE name = 'Philipp Grubauer'), 'G', 31, 185, 188),
    ((SELECT person_id FROM Person WHERE name = 'Joey Daccord'), 'G', 35, 188, 199);

INSERT INTO Contracts (player_id, team_id, cap_hit) VALUES
    ((SELECT person_id FROM Person WHERE name = 'Matty Beniers'), @kraken_team_id, 7142857),
    ((SELECT person_id FROM Person WHERE name = 'Chandler Stephenson'), @kraken_team_id, 6250000),
    ((SELECT person_id FROM Person WHERE name = 'Jaden Schwartz'), @kraken_team_id, 5500000),
    ((SELECT person_id FROM Person WHERE name = 'André Burakovsky'), @kraken_team_id, 5500000),
    ((SELECT person_id FROM Person WHERE name = 'Oliver Bjorkstrand'), @kraken_team_id, 5400000),
    ((SELECT person_id FROM Person WHERE name = 'Yanni Gourde'), @kraken_team_id, 5166666),
    ((SELECT person_id FROM Person WHERE name = 'Jared McCann'), @kraken_team_id, 5000000),
    ((SELECT person_id FROM Person WHERE name = 'Jordan Eberle'), @kraken_team_id, 4750000),
    ((SELECT person_id FROM Person WHERE name = 'Brandon Tanev'), @kraken_team_id, 3500000),
    ((SELECT person_id FROM Person WHERE name = 'Eeli Tolvanen'), @kraken_team_id, 3475000),
    ((SELECT person_id FROM Person WHERE name = 'Shane Wright'), @kraken_team_id, 886666),
    ((SELECT person_id FROM Person WHERE name = 'Tye Kartye'), @kraken_team_id, 859166),
    ((SELECT person_id FROM Person WHERE name = 'Vince Dunn'), @kraken_team_id, 7350000),
    ((SELECT person_id FROM Person WHERE name = 'Brandon Montour'), @kraken_team_id, 7142857),
    ((SELECT person_id FROM Person WHERE name = 'Jamie Oleksiak'), @kraken_team_id, 4600000),
    ((SELECT person_id FROM Person WHERE name = 'Adam Larsson'), @kraken_team_id, 4000000),
    ((SELECT person_id FROM Person WHERE name = 'Will Borgen'), @kraken_team_id, 2700000),
    ((SELECT person_id FROM Person WHERE name = 'Ryker Evans'), @kraken_team_id, 897500),
    ((SELECT person_id FROM Person WHERE name = 'Josh Mahura'), @kraken_team_id, 775000),
    ((SELECT person_id FROM Person WHERE name = 'Philipp Grubauer'), @kraken_team_id, 5900000),
    ((SELECT person_id FROM Person WHERE name = 'Joey Daccord'), @kraken_team_id, 1200000);



SET @penguins_team_id = (SELECT team_id FROM Teams WHERE team_name = 'Pittsburgh Penguins');

INSERT INTO Person (name, birthdate, nationality) VALUES
    ('Sidney Crosby', DATE_FORMAT('1987-08-07', '%Y-%m-%d'), 'Canada'),
    ('Kevin Hayes', DATE_FORMAT('1992-05-08', '%Y-%m-%d'), 'USA'),
    ('Evgeni Malkin', DATE_FORMAT('1986-07-31', '%Y-%m-%d'), 'Russia'),
    ('Bryan Rust', DATE_FORMAT('1992-05-11', '%Y-%m-%d'), 'USA'),
    ('Rickard Rakell', DATE_FORMAT('1993-05-05', '%Y-%m-%d'), 'Sweden'),
    ('Michael Bunting', DATE_FORMAT('1995-09-17', '%Y-%m-%d'), 'Canada'),
    ('Cody Glass', DATE_FORMAT('1999-04-01', '%Y-%m-%d'), 'Canada'),
    ('Lars Eller', DATE_FORMAT('1989-05-08', '%Y-%m-%d'), 'Denmark'),
    ('Blake Lizotte', DATE_FORMAT('1997-12-13', '%Y-%m-%d'), 'USA'),
    ('Anthony Beauvillier', DATE_FORMAT('1997-06-08', '%Y-%m-%d'), 'Canada'),
    ('Drew O\'Connor', DATE_FORMAT('1998-06-09', '%Y-%m-%d'), 'USA'),
    ('Jesse Puljujärvi', DATE_FORMAT('1998-05-07', '%Y-%m-%d'), 'Finland'),
    ('Valtteri Puustinen', DATE_FORMAT('1999-06-16', '%Y-%m-%d'), 'Finland'),
    ('Erik Karlsson', DATE_FORMAT('1990-05-31', '%Y-%m-%d'), 'Sweden'),
    ('Kris Letang', DATE_FORMAT('1987-04-24', '%Y-%m-%d'), 'Canada'),
    ('Marcus Pettersson', DATE_FORMAT('1996-05-08', '%Y-%m-%d'), 'Sweden'),
    ('Matt Grzelcyk', DATE_FORMAT('1994-01-05', '%Y-%m-%d'), 'USA'),
    ('John St. Ivany', DATE_FORMAT('1998-07-25', '%Y-%m-%d'), 'USA'),
    ('Ryan Shea', DATE_FORMAT('1996-02-11', '%Y-%m-%d'), 'USA'),
    ('Tristan Jarry', DATE_FORMAT('1995-04-29', '%Y-%m-%d'), 'Canada'),
    ('Alex Nedeljkovic', DATE_FORMAT('1996-01-07', '%Y-%m-%d'), 'USA'),
    ('Joel Blomqvist', DATE_FORMAT('2001-01-10', '%Y-%m-%d'), 'Finland'),
    ('Noel Acciari', DATE_FORMAT('1991-12-01', '%Y-%m-%d'), 'USA'),
    ('Matt Nieto', DATE_FORMAT('1992-11-05', '%Y-%m-%d'), 'USA'),
    ('Ryan Graves', DATE_FORMAT('1995-05-21', '%Y-%m-%d'), 'Canada');

INSERT INTO Players (player_id, position, number, height, weight) VALUES
    ((SELECT person_id FROM Person WHERE name = 'Sidney Crosby'), 'C', 87, 180, 200),
    ((SELECT person_id FROM Person WHERE name = 'Kevin Hayes'), 'C', 13, 196, 216),
    ((SELECT person_id FROM Person WHERE name = 'Evgeni Malkin'), 'C', 71, 191, 195),
    ((SELECT person_id FROM Person WHERE name = 'Bryan Rust'), 'RW', 17, 180, 192),
    ((SELECT person_id FROM Person WHERE name = 'Rickard Rakell'), 'RW', 67, 185, 201),
    ((SELECT person_id FROM Person WHERE name = 'Michael Bunting'), 'LW', 8, 183, 192),
    ((SELECT person_id FROM Person WHERE name = 'Cody Glass'), 'C', 19, 190, 202),
    ((SELECT person_id FROM Person WHERE name = 'Lars Eller'), 'C', 20, 188, 207),
    ((SELECT person_id FROM Person WHERE name = 'Blake Lizotte'), 'C', 46, 175, 175),
    ((SELECT person_id FROM Person WHERE name = 'Anthony Beauvillier'), 'LW', 72, 180, 190),
    ((SELECT person_id FROM Person WHERE name = 'Drew O\'Connor'), 'LW', 10, 190, 200),
    ((SELECT person_id FROM Person WHERE name = 'Jesse Puljujärvi'), 'RW', 18, 193, 207),
    ((SELECT person_id FROM Person WHERE name = 'Valtteri Puustinen'), 'RW', 48, 180, 183),
    ((SELECT person_id FROM Person WHERE name = 'Erik Karlsson'), 'D', 65, 183, 190),
    ((SELECT person_id FROM Person WHERE name = 'Kris Letang'), 'D', 58, 183, 201),
    ((SELECT person_id FROM Person WHERE name = 'Marcus Pettersson'), 'D', 28, 191, 177),
    ((SELECT person_id FROM Person WHERE name = 'Matt Grzelcyk'), 'D', 24, 175, 176),
    ((SELECT person_id FROM Person WHERE name = 'John St. Ivany'), 'D', 3, 185, 200),
    ((SELECT person_id FROM Person WHERE name = 'Ryan Shea'), 'D', 5, 188, 201),
    ((SELECT person_id FROM Person WHERE name = 'Tristan Jarry'), 'G', 35, 188, 195),
    ((SELECT person_id FROM Person WHERE name = 'Alex Nedeljkovic'), 'G', 39, 183, 203),
    ((SELECT person_id FROM Person WHERE name = 'Joel Blomqvist'), 'G', 30, 188, 180),
    ((SELECT person_id FROM Person WHERE name = 'Noel Acciari'), 'C', 55, 178, 205),
    ((SELECT person_id FROM Person WHERE name = 'Matt Nieto'), 'LW', 83, 180, 190),
    ((SELECT person_id FROM Person WHERE name = 'Ryan Graves'), 'D', 27, 196, 220);

INSERT INTO Contracts (player_id, team_id, cap_hit) VALUES
    ((SELECT person_id FROM Person WHERE name = 'Sidney Crosby'), @penguins_team_id, 8700000),
    ((SELECT person_id FROM Person WHERE name = 'Kevin Hayes'), @penguins_team_id, 3571428),
    ((SELECT person_id FROM Person WHERE name = 'Evgeni Malkin'), @penguins_team_id, 6100000),
    ((SELECT person_id FROM Person WHERE name = 'Bryan Rust'), @penguins_team_id, 5125000),
    ((SELECT person_id FROM Person WHERE name = 'Rickard Rakell'), @penguins_team_id, 5000000),
    ((SELECT person_id FROM Person WHERE name = 'Michael Bunting'), @penguins_team_id, 4500000),
    ((SELECT person_id FROM Person WHERE name = 'Cody Glass'), @penguins_team_id, 2500000),
    ((SELECT person_id FROM Person WHERE name = 'Lars Eller'), @penguins_team_id, 2450000),
    ((SELECT person_id FROM Person WHERE name = 'Blake Lizotte'), @penguins_team_id, 1850000),
    ((SELECT person_id FROM Person WHERE name = 'Anthony Beauvillier'), @penguins_team_id, 1250000),
    ((SELECT person_id FROM Person WHERE name = 'Drew O\'Connor'), @penguins_team_id, 925000),
    ((SELECT person_id FROM Person WHERE name = 'Jesse Puljujärvi'), @penguins_team_id, 800000),
    ((SELECT person_id FROM Person WHERE name = 'Valtteri Puustinen'), @penguins_team_id, 775000),
    ((SELECT person_id FROM Person WHERE name = 'Erik Karlsson'), @penguins_team_id, 10005000),
    ((SELECT person_id FROM Person WHERE name = 'Kris Letang'), @penguins_team_id, 6100000),
    ((SELECT person_id FROM Person WHERE name = 'Marcus Pettersson'), @penguins_team_id, 4025175),
    ((SELECT person_id FROM Person WHERE name = 'Matt Grzelcyk'), @penguins_team_id, 2750000),
    ((SELECT person_id FROM Person WHERE name = 'John St. Ivany'), @penguins_team_id, 775000),
    ((SELECT person_id FROM Person WHERE name = 'Ryan Shea'), @penguins_team_id, 725000),
    ((SELECT person_id FROM Person WHERE name = 'Tristan Jarry'), @penguins_team_id, 5375000),
    ((SELECT person_id FROM Person WHERE name = 'Alex Nedeljkovic'), @penguins_team_id, 2500000),
    ((SELECT person_id FROM Person WHERE name = 'Joel Blomqvist'), @penguins_team_id, 886666),
    ((SELECT person_id FROM Person WHERE name = 'Noel Acciari'), @penguins_team_id, 2000000),
    ((SELECT person_id FROM Person WHERE name = 'Matt Nieto'), @penguins_team_id, 900000),
    ((SELECT person_id FROM Person WHERE name = 'Ryan Graves'), @penguins_team_id, 4500000);



SET @islanders_team_id = (SELECT team_id FROM Teams WHERE team_name = 'New York Islanders');

INSERT INTO Person (name, birthdate, nationality) VALUES
    ('Mathew Barzal', DATE_FORMAT('1997-05-26', '%Y-%m-%d'), 'Canada'),
    ('Bo Horvat', DATE_FORMAT('1995-04-05', '%Y-%m-%d'), 'Canada'),
    ('Anders Lee', DATE_FORMAT('1990-07-03', '%Y-%m-%d'), 'USA'),
    ('Brock Nelson', DATE_FORMAT('1991-10-15', '%Y-%m-%d'), 'USA'),
    ('Jean-Gabriel Pageau', DATE_FORMAT('1992-11-11', '%Y-%m-%d'), 'Canada'),
    ('Kyle Palmieri', DATE_FORMAT('1991-02-01', '%Y-%m-%d'), 'USA'),
    ('Anthony Duclair', DATE_FORMAT('1995-08-26', '%Y-%m-%d'), 'Canada'),
    ('Casey Cizikas', DATE_FORMAT('1991-02-27', '%Y-%m-%d'), 'Canada'),
    ('Oliver Wahlström', DATE_FORMAT('2000-06-13', '%Y-%m-%d'), 'USA'),
    ('Maxim Tsyplakov', DATE_FORMAT('1996-10-10', '%Y-%m-%d'), 'Russia'),
    ('Simon Holmström', DATE_FORMAT('2001-05-24', '%Y-%m-%d'), 'Sweden'),
    ('Julien Gauthier', DATE_FORMAT('1997-10-15', '%Y-%m-%d'), 'Canada'),
    ('Kyle MacLean', DATE_FORMAT('1998-07-20', '%Y-%m-%d'), 'USA'),
    ('Ryan Pulock', DATE_FORMAT('1994-10-06', '%Y-%m-%d'), 'Canada'),
    ('Adam Pelech', DATE_FORMAT('1994-08-16', '%Y-%m-%d'), 'Canada'),
    ('Noah Dobson', DATE_FORMAT('2000-01-07', '%Y-%m-%d'), 'Canada'),
    ('Alexander Romanov', DATE_FORMAT('2000-01-06', '%Y-%m-%d'), 'Russia'),
    ('Mike Reilly', DATE_FORMAT('1993-07-13', '%Y-%m-%d'), 'USA'),
    ('Dennis Cholowski', DATE_FORMAT('1998-02-15', '%Y-%m-%d'), 'Canada'),
    ('Ilya Sorokin', DATE_FORMAT('1995-08-04', '%Y-%m-%d'), 'Russia'),
    ('Semyon Varlamov', DATE_FORMAT('1988-04-27', '%Y-%m-%d'), 'Russia'),
    ('Scott Mayfield', DATE_FORMAT('1992-10-14', '%Y-%m-%d'), 'USA'),
    ('Ruslan Iskhakov', DATE_FORMAT('1999-12-22', '%Y-%m-%d'), 'Russia'),
    ('Robin Salo', DATE_FORMAT('1998-10-13', '%Y-%m-%d'), 'Finland');

INSERT INTO Players (player_id, position, number, height, weight) VALUES
    ((SELECT person_id FROM Person WHERE name = 'Mathew Barzal'), 'C', 13, 183, 187),
    ((SELECT person_id FROM Person WHERE name = 'Bo Horvat'), 'C', 14, 183, 218),
    ((SELECT person_id FROM Person WHERE name = 'Anders Lee'), 'LW', 27, 191, 235),
    ((SELECT person_id FROM Person WHERE name = 'Brock Nelson'), 'C', 29, 191, 212),
    ((SELECT person_id FROM Person WHERE name = 'Jean-Gabriel Pageau'), 'C', 44, 178, 180),
    ((SELECT person_id FROM Person WHERE name = 'Kyle Palmieri'), 'RW', 21, 180, 195),
    ((SELECT person_id FROM Person WHERE name = 'Anthony Duclair'), 'LW', 11, 180, 198),
    ((SELECT person_id FROM Person WHERE name = 'Casey Cizikas'), 'C', 53, 180, 197),
    ((SELECT person_id FROM Person WHERE name = 'Oliver Wahlström'), 'RW', 26, 188, 205),
    ((SELECT person_id FROM Person WHERE name = 'Maxim Tsyplakov'), 'RW', 7, 186, 200),
    ((SELECT person_id FROM Person WHERE name = 'Simon Holmström'), 'RW', 10, 188, 183),
    ((SELECT person_id FROM Person WHERE name = 'Julien Gauthier'), 'RW', 16, 193, 227),
    ((SELECT person_id FROM Person WHERE name = 'Kyle MacLean'), 'C', 32, 183, 200),
    ((SELECT person_id FROM Person WHERE name = 'Ryan Pulock'), 'D', 6, 188, 215),
    ((SELECT person_id FROM Person WHERE name = 'Adam Pelech'), 'D', 3, 190, 214),
    ((SELECT person_id FROM Person WHERE name = 'Noah Dobson'), 'D', 8, 193, 195),
    ((SELECT person_id FROM Person WHERE name = 'Alexander Romanov'), 'D', 28, 185, 221),
    ((SELECT person_id FROM Person WHERE name = 'Mike Reilly'), 'D', 2, 185, 197),
    ((SELECT person_id FROM Person WHERE name = 'Dennis Cholowski'), 'D', 25, 185, 197),
    ((SELECT person_id FROM Person WHERE name = 'Ilya Sorokin'), 'G', 30, 190, 176),
    ((SELECT person_id FROM Person WHERE name = 'Semyon Varlamov'), 'G', 40, 188, 209),
    ((SELECT person_id FROM Person WHERE name = 'Scott Mayfield'), 'D', 24, 196, 223),
    ((SELECT person_id FROM Person WHERE name = 'Ruslan Iskhakov'), 'C', 37, 173, 163),
    ((SELECT person_id FROM Person WHERE name = 'Robin Salo'), 'D', 2, 191, 191);

INSERT INTO Contracts (player_id, team_id, cap_hit) VALUES
    ((SELECT person_id FROM Person WHERE name = 'Mathew Barzal'), @islanders_team_id, 9150000),
    ((SELECT person_id FROM Person WHERE name = 'Bo Horvat'), @islanders_team_id, 8500000),
    ((SELECT person_id FROM Person WHERE name = 'Anders Lee'), @islanders_team_id, 7000000),
    ((SELECT person_id FROM Person WHERE name = 'Brock Nelson'), @islanders_team_id, 6000000),
    ((SELECT person_id FROM Person WHERE name = 'Jean-Gabriel Pageau'), @islanders_team_id, 5000000),
    ((SELECT person_id FROM Person WHERE name = 'Kyle Palmieri'), @islanders_team_id, 5000000),
    ((SELECT person_id FROM Person WHERE name = 'Anthony Duclair'), @islanders_team_id, 3500000),
    ((SELECT person_id FROM Person WHERE name = 'Casey Cizikas'), @islanders_team_id, 2500000),
    ((SELECT person_id FROM Person WHERE name = 'Oliver Wahlström'), @islanders_team_id, 1000000),
    ((SELECT person_id FROM Person WHERE name = 'Maxim Tsyplakov'), @islanders_team_id, 950000),
    ((SELECT person_id FROM Person WHERE name = 'Simon Holmström'), @islanders_team_id, 850000),
    ((SELECT person_id FROM Person WHERE name = 'Julien Gauthier'), @islanders_team_id, 787500),
    ((SELECT person_id FROM Person WHERE name = 'Kyle MacLean'), @islanders_team_id, 775000),
    ((SELECT person_id FROM Person WHERE name = 'Ryan Pulock'), @islanders_team_id, 6150000),
    ((SELECT person_id FROM Person WHERE name = 'Adam Pelech'), @islanders_team_id, 5750000),
    ((SELECT person_id FROM Person WHERE name = 'Noah Dobson'), @islanders_team_id, 4000000),
    ((SELECT person_id FROM Person WHERE name = 'Alexander Romanov'), @islanders_team_id, 2500000),
    ((SELECT person_id FROM Person WHERE name = 'Mike Reilly'), @islanders_team_id, 1250000),
    ((SELECT person_id FROM Person WHERE name = 'Dennis Cholowski'), @islanders_team_id, 775000),
    ((SELECT person_id FROM Person WHERE name = 'Ilya Sorokin'), @islanders_team_id, 8250000),
    ((SELECT person_id FROM Person WHERE name = 'Semyon Varlamov'), @islanders_team_id, 2750000),
    ((SELECT person_id FROM Person WHERE name = 'Scott Mayfield'), @islanders_team_id, 3500000),
    ((SELECT person_id FROM Person WHERE name = 'Ruslan Iskhakov'), @islanders_team_id, 0),
    ((SELECT person_id FROM Person WHERE name = 'Robin Salo'), @islanders_team_id, 0);



SET @rangers_team_id = (SELECT team_id FROM Teams WHERE team_name = 'New York Rangers');

INSERT INTO Person (name, birthdate, nationality) VALUES
    ('Artemi Panarin', DATE_FORMAT('1991-10-30', '%Y-%m-%d'), 'Russia'),
    ('Mika Zibanejad', DATE_FORMAT('1993-04-18', '%Y-%m-%d'), 'Sweden'),
    ('Chris Kreider', DATE_FORMAT('1991-04-30', '%Y-%m-%d'), 'USA'),
    ('Vincent Trocheck', DATE_FORMAT('1993-07-11', '%Y-%m-%d'), 'USA'),
    ('Reilly Smith', DATE_FORMAT('1991-04-01', '%Y-%m-%d'), 'Canada'),
    ('Filip Chytil', DATE_FORMAT('1999-09-05', '%Y-%m-%d'), 'Czech Republic'),
    ('Kaapo Kakko', DATE_FORMAT('2001-02-13', '%Y-%m-%d'), 'Finland'),
    ('Alexis Lafrenière', DATE_FORMAT('2001-10-11', '%Y-%m-%d'), 'Canada'),
    ('Sam Carrick', DATE_FORMAT('1992-02-04', '%Y-%m-%d'), 'Canada'),
    ('Adam Edström', DATE_FORMAT('1999-11-12', '%Y-%m-%d'), 'Sweden'),
    ('William Cuylle', DATE_FORMAT('2002-02-05', '%Y-%m-%d'), 'Canada'),
    ('Matt Rempe', DATE_FORMAT('2002-05-06', '%Y-%m-%d'), 'Canada'),
    ('Jonny Brodzinski', DATE_FORMAT('1993-06-19', '%Y-%m-%d'), 'USA'),
    ('Adam Fox', DATE_FORMAT('1998-02-17', '%Y-%m-%d'), 'USA'),
    ('Jacob Trouba', DATE_FORMAT('1994-02-26', '%Y-%m-%d'), 'USA'),
    ('Ryan Lindgren', DATE_FORMAT('1998-02-11', '%Y-%m-%d'), 'USA'),
    ('K\'Andre Miller', DATE_FORMAT('2000-01-21', '%Y-%m-%d'), 'USA'),
    ('Braden Schneider', DATE_FORMAT('2001-09-20', '%Y-%m-%d'), 'Canada'),
    ('Vittorio Mancini', DATE_FORMAT('2001-03-10', '%Y-%m-%d'), 'Italy'),
    ('Zac Jones', DATE_FORMAT('2000-10-18', '%Y-%m-%d'), 'USA'),
    ('Chad Ruhwedel', DATE_FORMAT('1990-05-07', '%Y-%m-%d'), 'USA'),
    ('Igor Shesterkin', DATE_FORMAT('1995-12-30', '%Y-%m-%d'), 'Russia'),
    ('Jonathan Quick', DATE_FORMAT('1986-01-21', '%Y-%m-%d'), 'USA'),
    ('Jimmy Vesey', DATE_FORMAT('1993-05-26', '%Y-%m-%d'), 'USA');

INSERT INTO Players (player_id, position, number, height, weight) VALUES
    ((SELECT person_id FROM Person WHERE name = 'Artemi Panarin'), 'LW', 10, 180, 170),
    ((SELECT person_id FROM Person WHERE name = 'Mika Zibanejad'), 'C', 93, 188, 215),
    ((SELECT person_id FROM Person WHERE name = 'Chris Kreider'), 'LW', 20, 191, 226),
    ((SELECT person_id FROM Person WHERE name = 'Vincent Trocheck'), 'C', 16, 178, 183),
    ((SELECT person_id FROM Person WHERE name = 'Reilly Smith'), 'RW', 91, 183, 185),
    ((SELECT person_id FROM Person WHERE name = 'Filip Chytil'), 'C', 72, 191, 210),
    ((SELECT person_id FROM Person WHERE name = 'Kaapo Kakko'), 'RW', 24, 191, 193),
    ((SELECT person_id FROM Person WHERE name = 'Alexis Lafrenière'), 'LW', 23, 185, 193),
    ((SELECT person_id FROM Person WHERE name = 'Sam Carrick'), 'C', 39, 183, 207),
    ((SELECT person_id FROM Person WHERE name = 'Adam Edström'), 'C', 84, 201, 207),
    ((SELECT person_id FROM Person WHERE name = 'William Cuylle'), 'LW', 50, 193, 209),
    ((SELECT person_id FROM Person WHERE name = 'Matt Rempe'), 'C', 73, 203, 213),
    ((SELECT person_id FROM Person WHERE name = 'Jonny Brodzinski'), 'C', 22, 185, 210),
    ((SELECT person_id FROM Person WHERE name = 'Adam Fox'), 'D', 23, 181, 182),
    ((SELECT person_id FROM Person WHERE name = 'Jacob Trouba'), 'D', 8, 191, 220),
    ((SELECT person_id FROM Person WHERE name = 'Ryan Lindgren'), 'D', 55, 183, 191),
    ((SELECT person_id FROM Person WHERE name = 'K\'Andre Miller'), 'D', 79, 196, 218),
    ((SELECT person_id FROM Person WHERE name = 'Braden Schneider'), 'D', 4, 188, 210),
    ((SELECT person_id FROM Person WHERE name = 'Vittorio Mancini'), 'D', 90, 188, 190),
    ((SELECT person_id FROM Person WHERE name = 'Zac Jones'), 'D', 6, 180, 185),
    ((SELECT person_id FROM Person WHERE name = 'Chad Ruhwedel'), 'D', 5, 180, 191),
    ((SELECT person_id FROM Person WHERE name = 'Igor Shesterkin'), 'G', 31, 185, 183),
    ((SELECT person_id FROM Person WHERE name = 'Jonathan Quick'), 'G', 32, 185, 216),
    ((SELECT person_id FROM Person WHERE name = 'Jimmy Vesey'), 'LW', 26, 191, 202);

INSERT INTO Contracts (player_id, team_id, cap_hit) VALUES
    ((SELECT person_id FROM Person WHERE name = 'Artemi Panarin'), @rangers_team_id, 11642857),
    ((SELECT person_id FROM Person WHERE name = 'Mika Zibanejad'), @rangers_team_id, 8500000),
    ((SELECT person_id FROM Person WHERE name = 'Chris Kreider'), @rangers_team_id, 6500000),
    ((SELECT person_id FROM Person WHERE name = 'Vincent Trocheck'), @rangers_team_id, 5625000),
    ((SELECT person_id FROM Person WHERE name = 'Reilly Smith'), @rangers_team_id, 3750000),
    ((SELECT person_id FROM Person WHERE name = 'Filip Chytil'), @rangers_team_id, 4437500),
    ((SELECT person_id FROM Person WHERE name = 'Kaapo Kakko'), @rangers_team_id, 2400000),
    ((SELECT person_id FROM Person WHERE name = 'Alexis Lafrenière'), @rangers_team_id, 2325000),
    ((SELECT person_id FROM Person WHERE name = 'Sam Carrick'), @rangers_team_id, 1000000),
    ((SELECT person_id FROM Person WHERE name = 'Adam Edström'), @rangers_team_id, 846666),
    ((SELECT person_id FROM Person WHERE name = 'William Cuylle'), @rangers_team_id, 828333),
    ((SELECT person_id FROM Person WHERE name = 'Matt Rempe'), @rangers_team_id, 820000),
    ((SELECT person_id FROM Person WHERE name = 'Jonny Brodzinski'), @rangers_team_id, 787500),
    ((SELECT person_id FROM Person WHERE name = 'Adam Fox'), @rangers_team_id, 9500000),
    ((SELECT person_id FROM Person WHERE name = 'Jacob Trouba'), @rangers_team_id, 8000000),
    ((SELECT person_id FROM Person WHERE name = 'Ryan Lindgren'), @rangers_team_id, 4500000),
    ((SELECT person_id FROM Person WHERE name = 'K\'Andre Miller'), @rangers_team_id, 3872000),
    ((SELECT person_id FROM Person WHERE name = 'Braden Schneider'), @rangers_team_id, 2200000),
    ((SELECT person_id FROM Person WHERE name = 'Vittorio Mancini'), @rangers_team_id, 870000),
    ((SELECT person_id FROM Person WHERE name = 'Zac Jones'), @rangers_team_id, 812500),
    ((SELECT person_id FROM Person WHERE name = 'Chad Ruhwedel'), @rangers_team_id, 775000),
    ((SELECT person_id FROM Person WHERE name = 'Igor Shesterkin'), @rangers_team_id, 5666666),
    ((SELECT person_id FROM Person WHERE name = 'Jonathan Quick'), @rangers_team_id, 1275000),
    ((SELECT person_id FROM Person WHERE name = 'Jimmy Vesey'), @rangers_team_id, 800000);




SET @devils_team_id = (SELECT team_id FROM Teams WHERE team_name = 'New Jersey Devils');

INSERT INTO Person (name, birthdate, nationality) VALUES
    ('Timo Meier', DATE_FORMAT('1996-10-08', '%Y-%m-%d'), 'Switzerland'),
    ('Jack Hughes', DATE_FORMAT('2001-05-14', '%Y-%m-%d'), 'USA'),
    ('Jesper Bratt', DATE_FORMAT('1998-07-30', '%Y-%m-%d'), 'Sweden'),
    ('Nico Hischier', DATE_FORMAT('1999-01-04', '%Y-%m-%d'), 'Switzerland'),
    ('Ondřej Palát', DATE_FORMAT('1991-03-28', '%Y-%m-%d'), 'Czech Republic'),
    ('Dawson Mercer', DATE_FORMAT('2001-10-27', '%Y-%m-%d'), 'Canada'),
    ('Erik Haula', DATE_FORMAT('1991-03-23', '%Y-%m-%d'), 'Finland'),
    ('Stefan Noesen', DATE_FORMAT('1993-02-12', '%Y-%m-%d'), 'USA'),
    ('Tomáš Tatar', DATE_FORMAT('1990-12-01', '%Y-%m-%d'), 'Slovakia'),
    ('Nathan Bastian', DATE_FORMAT('1997-12-06', '%Y-%m-%d'), 'Canada'),
    ('Curtis Lazar', DATE_FORMAT('1995-02-02', '%Y-%m-%d'), 'Canada'),
    ('Paul Cotter', DATE_FORMAT('1999-11-16', '%Y-%m-%d'), 'USA'),
    ('Dougie Hamilton', DATE_FORMAT('1993-06-17', '%Y-%m-%d'), 'Canada'),
    ('Brett Pesce', DATE_FORMAT('1994-11-15', '%Y-%m-%d'), 'USA'),
    ('Brenden Dillon', DATE_FORMAT('1990-11-13', '%Y-%m-%d'), 'Canada'),
    ('Jonas Siegenthaler', DATE_FORMAT('1997-05-06', '%Y-%m-%d'), 'Switzerland'),
    ('Kurtis MacDermid', DATE_FORMAT('1994-03-25', '%Y-%m-%d'), 'Canada'),
    ('Seamus Casey', DATE_FORMAT('2003-01-01', '%Y-%m-%d'), 'USA'),
    ('Luke Hughes', DATE_FORMAT('2003-09-09', '%Y-%m-%d'), 'USA'),
    ('Šimon Nemec', DATE_FORMAT('2004-02-15', '%Y-%m-%d'), 'Slovakia'),
    ('Johnathan Kovacevic', DATE_FORMAT('1996-07-12', '%Y-%m-%d'), 'Canada'),
    ('Jacob Markström', DATE_FORMAT('1990-01-31', '%Y-%m-%d'), 'Sweden'),
    ('Jake Allen', DATE_FORMAT('1990-08-07', '%Y-%m-%d'), 'Canada'),
    ('Adam Beckman', DATE_FORMAT('2001-05-10', '%Y-%m-%d'), 'Canada'),
    ('Santeri Hatakka', DATE_FORMAT('2001-01-15', '%Y-%m-%d'), 'Finland');

INSERT INTO Players (player_id, position, number, height, weight) VALUES
    ((SELECT person_id FROM Person WHERE name = 'Timo Meier'), 'RW', 28, 185, 215),
    ((SELECT person_id FROM Person WHERE name = 'Jack Hughes'), 'C', 86, 180, 176),
    ((SELECT person_id FROM Person WHERE name = 'Jesper Bratt'), 'LW', 63, 175, 175),
    ((SELECT person_id FROM Person WHERE name = 'Nico Hischier'), 'C', 13, 185, 175),
    ((SELECT person_id FROM Person WHERE name = 'Ondřej Palát'), 'LW', 18, 180, 194),
    ((SELECT person_id FROM Person WHERE name = 'Dawson Mercer'), 'C', 91, 183, 180),
    ((SELECT person_id FROM Person WHERE name = 'Erik Haula'), 'LW', 56, 180, 193),
    ((SELECT person_id FROM Person WHERE name = 'Stefan Noesen'), 'RW', 11, 188, 205),
    ((SELECT person_id FROM Person WHERE name = 'Tomáš Tatar'), 'LW', 90, 180, 183),
    ((SELECT person_id FROM Person WHERE name = 'Nathan Bastian'), 'RW', 14, 193, 205),
    ((SELECT person_id FROM Person WHERE name = 'Curtis Lazar'), 'C', 42, 180, 193),
    ((SELECT person_id FROM Person WHERE name = 'Paul Cotter'), 'C', 47, 183, 196),
    ((SELECT person_id FROM Person WHERE name = 'Dougie Hamilton'), 'D', 7, 198, 230),
    ((SELECT person_id FROM Person WHERE name = 'Brett Pesce'), 'D', 22, 191, 206),
    ((SELECT person_id FROM Person WHERE name = 'Brenden Dillon'), 'D', 5, 193, 225),
    ((SELECT person_id FROM Person WHERE name = 'Jonas Siegenthaler'), 'D', 71, 191, 212),
    ((SELECT person_id FROM Person WHERE name = 'Kurtis MacDermid'), 'D', 23, 196, 233),
    ((SELECT person_id FROM Person WHERE name = 'Seamus Casey'), 'D', 24, 178, 165),
    ((SELECT person_id FROM Person WHERE name = 'Luke Hughes'), 'D', 43, 188, 176),
    ((SELECT person_id FROM Person WHERE name = 'Šimon Nemec'), 'D', 17, 185, 192),
    ((SELECT person_id FROM Person WHERE name = 'Johnathan Kovacevic'), 'D', 8, 193, 225),
    ((SELECT person_id FROM Person WHERE name = 'Jacob Markström'), 'G', 25, 198, 206),
    ((SELECT person_id FROM Person WHERE name = 'Jake Allen'), 'G', 34, 188, 195),
    ((SELECT person_id FROM Person WHERE name = 'Adam Beckman'), 'LW', 11, 191, 176),
    ((SELECT person_id FROM Person WHERE name = 'Santeri Hatakka'), 'D', 82, 186, 189);

INSERT INTO Contracts (player_id, team_id, cap_hit) VALUES
    ((SELECT person_id FROM Person WHERE name = 'Timo Meier'), @devils_team_id, 8800000),
    ((SELECT person_id FROM Person WHERE name = 'Jack Hughes'), @devils_team_id, 8000000),
    ((SELECT person_id FROM Person WHERE name = 'Jesper Bratt'), @devils_team_id, 7875000),
    ((SELECT person_id FROM Person WHERE name = 'Nico Hischier'), @devils_team_id, 7250000),
    ((SELECT person_id FROM Person WHERE name = 'Ondřej Palát'), @devils_team_id, 6000000),
    ((SELECT person_id FROM Person WHERE name = 'Dawson Mercer'), @devils_team_id, 4000000),
    ((SELECT person_id FROM Person WHERE name = 'Erik Haula'), @devils_team_id, 3150000),
    ((SELECT person_id FROM Person WHERE name = 'Stefan Noesen'), @devils_team_id, 2750000),
    ((SELECT person_id FROM Person WHERE name = 'Tomáš Tatar'), @devils_team_id, 1800000),
    ((SELECT person_id FROM Person WHERE name = 'Nathan Bastian'), @devils_team_id, 1350000),
    ((SELECT person_id FROM Person WHERE name = 'Curtis Lazar'), @devils_team_id, 1000000),
    ((SELECT person_id FROM Person WHERE name = 'Paul Cotter'), @devils_team_id, 775000),
    ((SELECT person_id FROM Person WHERE name = 'Dougie Hamilton'), @devils_team_id, 9000000),
    ((SELECT person_id FROM Person WHERE name = 'Brett Pesce'), @devils_team_id, 5500000),
    ((SELECT person_id FROM Person WHERE name = 'Brenden Dillon'), @devils_team_id, 4000000),
    ((SELECT person_id FROM Person WHERE name = 'Jonas Siegenthaler'), @devils_team_id, 3400000),
    ((SELECT person_id FROM Person WHERE name = 'Kurtis MacDermid'), @devils_team_id, 1150000),
    ((SELECT person_id FROM Person WHERE name = 'Seamus Casey'), @devils_team_id, 950000),
    ((SELECT person_id FROM Person WHERE name = 'Luke Hughes'), @devils_team_id, 925000),
    ((SELECT person_id FROM Person WHERE name = 'Šimon Nemec'), @devils_team_id, 918333),
    ((SELECT person_id FROM Person WHERE name = 'Johnathan Kovacevic'), @devils_team_id, 766666),
    ((SELECT person_id FROM Person WHERE name = 'Jacob Markström'), @devils_team_id, 4140000),
    ((SELECT person_id FROM Person WHERE name = 'Jake Allen'), @devils_team_id, 1925000),
    ((SELECT person_id FROM Person WHERE name = 'Adam Beckman'), @devils_team_id, 198821),
    ((SELECT person_id FROM Person WHERE name = 'Santeri Hatakka'), @devils_team_id, 154188);



SET @kings_team_id = (SELECT team_id FROM Teams WHERE team_name = 'Los Angeles Kings');

INSERT INTO Person (name, birthdate, nationality) VALUES
    ('Kevin Fiala', DATE_FORMAT('1996-07-22', '%Y-%m-%d'), 'Switzerland'),
    ('Anže Kopitar', DATE_FORMAT('1987-08-24', '%Y-%m-%d'), 'Slovenia'),
    ('Quinton Byfield', DATE_FORMAT('2002-08-19', '%Y-%m-%d'), 'Canada'),
    ('Phillip Danault', DATE_FORMAT('1993-02-24', '%Y-%m-%d'), 'Canada'),
    ('Adrian Kempe', DATE_FORMAT('1996-09-13', '%Y-%m-%d'), 'Sweden'),
    ('Trevor Moore', DATE_FORMAT('1995-03-31', '%Y-%m-%d'), 'USA'),
    ('Warren Foegele', DATE_FORMAT('1996-04-01', '%Y-%m-%d'), 'Canada'),
    ('Tanner Jeannot', DATE_FORMAT('1997-05-29', '%Y-%m-%d'), 'Canada'),
    ('Alex Laferriere', DATE_FORMAT('2001-10-28', '%Y-%m-%d'), 'USA'),
    ('Arthur Kaliyev', DATE_FORMAT('2001-06-26', '%Y-%m-%d'), 'USA'),
    ('Trevor Lewis', DATE_FORMAT('1987-01-08', '%Y-%m-%d'), 'USA'),
    ('Alex Turcotte', DATE_FORMAT('2001-02-26', '%Y-%m-%d'), 'USA'),
    ('Akil Thomas', DATE_FORMAT('1999-01-02', '%Y-%m-%d'), 'Canada'),
    ('Andre Lee', DATE_FORMAT('1999-11-05', '%Y-%m-%d'), 'Sweden'),
    ('Vladislav Gavrikov', DATE_FORMAT('1995-11-21', '%Y-%m-%d'), 'Russia'),
    ('Mikey Anderson', DATE_FORMAT('1999-05-25', '%Y-%m-%d'), 'USA'),
    ('Joel Edmundson', DATE_FORMAT('1993-06-28', '%Y-%m-%d'), 'Canada'),
    ('Jordan Spence', DATE_FORMAT('2001-02-24', '%Y-%m-%d'), 'Australia'),
    ('Kyle Burroughs', DATE_FORMAT('1995-07-12', '%Y-%m-%d'), 'Canada'),
    ('Andreas Englund', DATE_FORMAT('1996-01-21', '%Y-%m-%d'), 'Sweden'),
    ('Brandt Clarke', DATE_FORMAT('2003-02-09', '%Y-%m-%d'), 'Canada'),
    ('Caleb Jones', DATE_FORMAT('1997-06-06', '%Y-%m-%d'), 'USA'),
    ('Darcy Kuemper', DATE_FORMAT('1990-05-05', '%Y-%m-%d'), 'Canada'),
    ('David Rittich', DATE_FORMAT('1992-08-19', '%Y-%m-%d'), 'Czech Republic'),
    ('Drew Doughty', DATE_FORMAT('1989-12-08', '%Y-%m-%d'), 'Canada'),
    ('Pheonix Copley', DATE_FORMAT('1992-01-18', '%Y-%m-%d'), 'USA');

INSERT INTO Players (player_id, position, number, height, weight) VALUES
    ((SELECT person_id FROM Person WHERE name = 'Kevin Fiala'), 'LW', 22, 178, 204),
    ((SELECT person_id FROM Person WHERE name = 'Anže Kopitar'), 'C', 11, 192, 224),
    ((SELECT person_id FROM Person WHERE name = 'Quinton Byfield'), 'C', 55, 194, 220),
    ((SELECT person_id FROM Person WHERE name = 'Phillip Danault'), 'C', 24, 185, 202),
    ((SELECT person_id FROM Person WHERE name = 'Adrian Kempe'), 'C', 9, 188, 191),
    ((SELECT person_id FROM Person WHERE name = 'Trevor Moore'), 'C', 12, 178, 185),
    ((SELECT person_id FROM Person WHERE name = 'Warren Foegele'), 'LW', 37, 188, 212),
    ((SELECT person_id FROM Person WHERE name = 'Tanner Jeannot'), 'LW', 10, 188, 208),
    ((SELECT person_id FROM Person WHERE name = 'Alex Laferriere'), 'RW', 14, 183, 185),
    ((SELECT person_id FROM Person WHERE name = 'Arthur Kaliyev'), 'RW', 34, 188, 210),
    ((SELECT person_id FROM Person WHERE name = 'Trevor Lewis'), 'C', 61, 185, 202),
    ((SELECT person_id FROM Person WHERE name = 'Alex Turcotte'), 'C', 15, 180, 185),
    ((SELECT person_id FROM Person WHERE name = 'Akil Thomas'), 'C', 26, 185, 192),
    ((SELECT person_id FROM Person WHERE name = 'Andre Lee'), 'LW', 47, 196, 206),
    ((SELECT person_id FROM Person WHERE name = 'Vladislav Gavrikov'), 'D', 84, 191, 221),
    ((SELECT person_id FROM Person WHERE name = 'Mikey Anderson'), 'D', 44, 185, 197),
    ((SELECT person_id FROM Person WHERE name = 'Joel Edmundson'), 'D', 6, 193, 227),
    ((SELECT person_id FROM Person WHERE name = 'Jordan Spence'), 'D', 21, 180, 181),
    ((SELECT person_id FROM Person WHERE name = 'Kyle Burroughs'), 'D', 7, 183, 191),
    ((SELECT person_id FROM Person WHERE name = 'Andreas Englund'), 'D', 5, 191, 199),
    ((SELECT person_id FROM Person WHERE name = 'Brandt Clarke'), 'D', 92, 188, 191),
    ((SELECT person_id FROM Person WHERE name = 'Caleb Jones'), 'D', 82, 185, 194),
    ((SELECT person_id FROM Person WHERE name = 'Darcy Kuemper'), 'G', 35, 196, 215),
    ((SELECT person_id FROM Person WHERE name = 'David Rittich'), 'G', 31, 191, 199),
    ((SELECT person_id FROM Person WHERE name = 'Drew Doughty'), 'D', 8, 185, 205),
    ((SELECT person_id FROM Person WHERE name = 'Pheonix Copley'), 'G', 29, 193, 200);

INSERT INTO Contracts (player_id, team_id, cap_hit) VALUES
    ((SELECT person_id FROM Person WHERE name = 'Kevin Fiala'), @kings_team_id, 7875000),
    ((SELECT person_id FROM Person WHERE name = 'Anže Kopitar'), @kings_team_id, 7000000),
    ((SELECT person_id FROM Person WHERE name = 'Quinton Byfield'), @kings_team_id, 6250000),
    ((SELECT person_id FROM Person WHERE name = 'Phillip Danault'), @kings_team_id, 5500000),
    ((SELECT person_id FROM Person WHERE name = 'Adrian Kempe'), @kings_team_id, 5500000),
    ((SELECT person_id FROM Person WHERE name = 'Trevor Moore'), @kings_team_id, 4200000),
    ((SELECT person_id FROM Person WHERE name = 'Warren Foegele'), @kings_team_id, 3500000),
    ((SELECT person_id FROM Person WHERE name = 'Tanner Jeannot'), @kings_team_id, 2665000),
    ((SELECT person_id FROM Person WHERE name = 'Alex Laferriere'), @kings_team_id, 875000),
    ((SELECT person_id FROM Person WHERE name = 'Arthur Kaliyev'), @kings_team_id, 825000),
    ((SELECT person_id FROM Person WHERE name = 'Trevor Lewis'), @kings_team_id, 800000),
    ((SELECT person_id FROM Person WHERE name = 'Alex Turcotte'), @kings_team_id, 775000),
    ((SELECT person_id FROM Person WHERE name = 'Akil Thomas'), @kings_team_id, 775000),
    ((SELECT person_id FROM Person WHERE name = 'Andre Lee'), @kings_team_id, 775000),
    ((SELECT person_id FROM Person WHERE name = 'Vladislav Gavrikov'), @kings_team_id, 5875000),
    ((SELECT person_id FROM Person WHERE name = 'Mikey Anderson'), @kings_team_id, 4125000),
    ((SELECT person_id FROM Person WHERE name = 'Joel Edmundson'), @kings_team_id, 3850000),
    ((SELECT person_id FROM Person WHERE name = 'Jordan Spence'), @kings_team_id, 1500000),
    ((SELECT person_id FROM Person WHERE name = 'Kyle Burroughs'), @kings_team_id, 1100000),
    ((SELECT person_id FROM Person WHERE name = 'Andreas Englund'), @kings_team_id, 1000000),
    ((SELECT person_id FROM Person WHERE name = 'Brandt Clarke'), @kings_team_id, 805833),
    ((SELECT person_id FROM Person WHERE name = 'Caleb Jones'), @kings_team_id, 775000),
    ((SELECT person_id FROM Person WHERE name = 'Darcy Kuemper'), @kings_team_id, 5250000),
    ((SELECT person_id FROM Person WHERE name = 'David Rittich'), @kings_team_id, 1000000),
    ((SELECT person_id FROM Person WHERE name = 'Drew Doughty'), @kings_team_id, 11000000),
    ((SELECT person_id FROM Person WHERE name = 'Pheonix Copley'), @kings_team_id, 0);



SET @senators_team_id = (SELECT team_id FROM Teams WHERE team_name = 'Ottawa Senators');

INSERT INTO Person (name, birthdate, nationality) VALUES
    ('Tim Stützle', DATE_FORMAT('2002-01-15', '%Y-%m-%d'), 'Germany'),
    ('Brady Tkachuk', DATE_FORMAT('1999-09-16', '%Y-%m-%d'), 'USA'),
    ('Josh Norris', DATE_FORMAT('1999-05-05', '%Y-%m-%d'), 'USA'),
    ('Claude Giroux', DATE_FORMAT('1988-01-12', '%Y-%m-%d'), 'Canada'),
    ('Drake Batherson', DATE_FORMAT('1998-04-27', '%Y-%m-%d'), 'Canada'),
    ('David Perron', DATE_FORMAT('1988-05-28', '%Y-%m-%d'), 'Canada'),
    ('Shane Pinto', DATE_FORMAT('2000-11-12', '%Y-%m-%d'), 'USA'),
    ('Michael Amadio', DATE_FORMAT('1996-05-13', '%Y-%m-%d'), 'Canada'),
    ('Ridly Greig', DATE_FORMAT('2002-08-08', '%Y-%m-%d'), 'Canada'),
    ('Noah Gregor', DATE_FORMAT('1998-07-28', '%Y-%m-%d'), 'Canada'),
    ('Nick Cousins', DATE_FORMAT('1993-07-20', '%Y-%m-%d'), 'Canada'),
    ('Zack MacEwen', DATE_FORMAT('1996-07-08', '%Y-%m-%d'), 'Canada'),
    ('Jake Sanderson', DATE_FORMAT('2002-07-08', '%Y-%m-%d'), 'USA'),
    ('Thomas Chabot', DATE_FORMAT('1997-01-30', '%Y-%m-%d'), 'Canada'),
    ('Artem Zub', DATE_FORMAT('1995-10-03', '%Y-%m-%d'), 'Russia'),
    ('Nick Jensen', DATE_FORMAT('1990-09-21', '%Y-%m-%d'), 'USA'),
    ('Travis Hamonic', DATE_FORMAT('1990-08-16', '%Y-%m-%d'), 'Canada'),
    ('Tyler Kleven', DATE_FORMAT('2001-01-10', '%Y-%m-%d'), 'USA'),
    ('Jacob Bernard-Docker', DATE_FORMAT('2000-06-30', '%Y-%m-%d'), 'Canada'),
    ('Linus Ullmark', DATE_FORMAT('1993-07-31', '%Y-%m-%d'), 'Sweden'),
    ('Anton Forsberg', DATE_FORMAT('1992-11-27', '%Y-%m-%d'), 'Sweden'),
    ('Matthew Highmore', DATE_FORMAT('1996-02-27', '%Y-%m-%d'), 'Canada');

INSERT INTO Players (player_id, position, number, height, weight) VALUES
    ((SELECT person_id FROM Person WHERE name = 'Tim Stützle'), 'LW', 18, 185, 190),
    ((SELECT person_id FROM Person WHERE name = 'Brady Tkachuk'), 'LW', 7, 193, 221),
    ((SELECT person_id FROM Person WHERE name = 'Josh Norris'), 'C', 9, 188, 201),
    ((SELECT person_id FROM Person WHERE name = 'Claude Giroux'), 'RW', 28, 180, 185),
    ((SELECT person_id FROM Person WHERE name = 'Drake Batherson'), 'RW', 19, 191, 204),
    ((SELECT person_id FROM Person WHERE name = 'David Perron'), 'LW', 57, 185, 200),
    ((SELECT person_id FROM Person WHERE name = 'Shane Pinto'), 'C', 12, 188, 201),
    ((SELECT person_id FROM Person WHERE name = 'Michael Amadio'), 'C', 22, 185, 205),
    ((SELECT person_id FROM Person WHERE name = 'Ridly Greig'), 'C', 71, 180, 174),
    ((SELECT person_id FROM Person WHERE name = 'Noah Gregor'), 'C', 73, 183, 190),
    ((SELECT person_id FROM Person WHERE name = 'Nick Cousins'), 'C', 21, 180, 183),
    ((SELECT person_id FROM Person WHERE name = 'Zack MacEwen'), 'C', 17, 193, 205),
    ((SELECT person_id FROM Person WHERE name = 'Jake Sanderson'), 'D', 85, 188, 190),
    ((SELECT person_id FROM Person WHERE name = 'Thomas Chabot'), 'D', 72, 188, 196),
    ((SELECT person_id FROM Person WHERE name = 'Artem Zub'), 'D', 2, 188, 202),
    ((SELECT person_id FROM Person WHERE name = 'Nick Jensen'), 'D', 3, 185, 204),
    ((SELECT person_id FROM Person WHERE name = 'Travis Hamonic'), 'D', 23, 188, 208),
    ((SELECT person_id FROM Person WHERE name = 'Tyler Kleven'), 'D', 43, 193, 200),
    ((SELECT person_id FROM Person WHERE name = 'Jacob Bernard-Docker'), 'D', 24, 185, 201),
    ((SELECT person_id FROM Person WHERE name = 'Linus Ullmark'), 'G', 35, 193, 214),
    ((SELECT person_id FROM Person WHERE name = 'Anton Forsberg'), 'G', 31, 188, 192),
    ((SELECT person_id FROM Person WHERE name = 'Matthew Highmore'), 'C', 12, 180, 188);

INSERT INTO Contracts (player_id, team_id, cap_hit) VALUES
    ((SELECT person_id FROM Person WHERE name = 'Tim Stützle'), @senators_team_id, 8350000),
    ((SELECT person_id FROM Person WHERE name = 'Brady Tkachuk'), @senators_team_id, 8205714),
    ((SELECT person_id FROM Person WHERE name = 'Josh Norris'), @senators_team_id, 7950000),
    ((SELECT person_id FROM Person WHERE name = 'Claude Giroux'), @senators_team_id, 6500000),
    ((SELECT person_id FROM Person WHERE name = 'Drake Batherson'), @senators_team_id, 4975000),
    ((SELECT person_id FROM Person WHERE name = 'David Perron'), @senators_team_id, 4000000),
    ((SELECT person_id FROM Person WHERE name = 'Shane Pinto'), @senators_team_id, 3750000),
    ((SELECT person_id FROM Person WHERE name = 'Michael Amadio'), @senators_team_id, 2600000),
    ((SELECT person_id FROM Person WHERE name = 'Ridly Greig'), @senators_team_id, 863333),
    ((SELECT person_id FROM Person WHERE name = 'Noah Gregor'), @senators_team_id, 850000),
    ((SELECT person_id FROM Person WHERE name = 'Nick Cousins'), @senators_team_id, 800000),
    ((SELECT person_id FROM Person WHERE name = 'Zack MacEwen'), @senators_team_id, 775000),
    ((SELECT person_id FROM Person WHERE name = 'Jake Sanderson'), @senators_team_id, 8050000),
    ((SELECT person_id FROM Person WHERE name = 'Thomas Chabot'), @senators_team_id, 8000000),
    ((SELECT person_id FROM Person WHERE name = 'Artem Zub'), @senators_team_id, 4600000),
    ((SELECT person_id FROM Person WHERE name = 'Nick Jensen'), @senators_team_id, 4050000),
    ((SELECT person_id FROM Person WHERE name = 'Travis Hamonic'), @senators_team_id, 1100000),
    ((SELECT person_id FROM Person WHERE name = 'Tyler Kleven'), @senators_team_id, 916666),
    ((SELECT person_id FROM Person WHERE name = 'Jacob Bernard-Docker'), @senators_team_id, 805000),
    ((SELECT person_id FROM Person WHERE name = 'Linus Ullmark'), @senators_team_id, 5000000),
    ((SELECT person_id FROM Person WHERE name = 'Anton Forsberg'), @senators_team_id, 2750000),
    ((SELECT person_id FROM Person WHERE name = 'Matthew Highmore'), @senators_team_id, 239397);



SET @jets_team_id = (SELECT team_id FROM Teams WHERE team_name = 'Winnipeg Jets');

INSERT INTO Person (name, birthdate, nationality) VALUES
    ('Mark Scheifele', DATE_FORMAT('1993-03-15', '%Y-%m-%d'), 'Canada'),
    ('Kyle Connor', DATE_FORMAT('1996-12-09', '%Y-%m-%d'), 'USA'),
    ('Nikolaj Ehlers', DATE_FORMAT('1996-02-14', '%Y-%m-%d'), 'Denmark'),
    ('Alex Iafallo', DATE_FORMAT('1993-12-21', '%Y-%m-%d'), 'USA'),
    ('Nino Niederreiter', DATE_FORMAT('1992-09-08', '%Y-%m-%d'), 'Switzerland'),
    ('Gabriel Vilardi', DATE_FORMAT('1999-08-16', '%Y-%m-%d'), 'Canada'),
    ('Adam Lowry', DATE_FORMAT('1993-03-29', '%Y-%m-%d'), 'Canada'),
    ('Cole Perfetti', DATE_FORMAT('2002-01-01', '%Y-%m-%d'), 'Canada'),
    ('Mason Appleton', DATE_FORMAT('1996-01-15', '%Y-%m-%d'), 'USA'),
    ('Vladislav Namestnikov', DATE_FORMAT('1992-11-22', '%Y-%m-%d'), 'Russia'),
    ('Morgan Barron', DATE_FORMAT('1998-12-02', '%Y-%m-%d'), 'Canada'),
    ('Rasmus Kupari', DATE_FORMAT('2000-03-15', '%Y-%m-%d'), 'Finland'),
    ('David Gustafsson', DATE_FORMAT('2000-04-11', '%Y-%m-%d'), 'Sweden'),
    ('Jaret Anderson-Dolan', DATE_FORMAT('1999-09-12', '%Y-%m-%d'), 'Canada'),
    ('Josh Morrissey', DATE_FORMAT('1995-03-28', '%Y-%m-%d'), 'Canada'),
    ('Neal Pionk', DATE_FORMAT('1995-07-29', '%Y-%m-%d'), 'USA'),
    ('Dylan DeMelo', DATE_FORMAT('1993-05-01', '%Y-%m-%d'), 'Canada'),
    ('Colin Miller', DATE_FORMAT('1992-10-29', '%Y-%m-%d'), 'Canada'),
    ('Dylan Samberg', DATE_FORMAT('1998-01-24', '%Y-%m-%d'), 'USA'),
    ('Logan Stanley', DATE_FORMAT('1998-05-26', '%Y-%m-%d'), 'Canada'),
    ('Ville Heinola', DATE_FORMAT('2001-03-02', '%Y-%m-%d'), 'Finland'),
    ('Haydn Fleury', DATE_FORMAT('1996-07-08', '%Y-%m-%d'), 'Canada'),
    ('Dylan Coghlan', DATE_FORMAT('1998-03-19', '%Y-%m-%d'), 'Canada'),
    ('Connor Hellebuyck', DATE_FORMAT('1993-05-19', '%Y-%m-%d'), 'USA'),
    ('Eric Comrie', DATE_FORMAT('1995-07-06', '%Y-%m-%d'), 'Canada');

INSERT INTO Players (player_id, position, number, height, weight) VALUES
    ((SELECT person_id FROM Person WHERE name = 'Mark Scheifele'), 'C', 55, 191, 207),
    ((SELECT person_id FROM Person WHERE name = 'Kyle Connor'), 'LW', 81, 185, 183),
    ((SELECT person_id FROM Person WHERE name = 'Nikolaj Ehlers'), 'LW', 27, 183, 172),
    ((SELECT person_id FROM Person WHERE name = 'Alex Iafallo'), 'LW', 9, 183, 190),
    ((SELECT person_id FROM Person WHERE name = 'Nino Niederreiter'), 'RW', 62, 188, 218),
    ((SELECT person_id FROM Person WHERE name = 'Gabriel Vilardi'), 'C', 13, 191, 216),
    ((SELECT person_id FROM Person WHERE name = 'Adam Lowry'), 'C', 17, 196, 210),
    ((SELECT person_id FROM Person WHERE name = 'Cole Perfetti'), 'C', 91, 178, 177),
    ((SELECT person_id FROM Person WHERE name = 'Mason Appleton'), 'C', 22, 188, 193),
    ((SELECT person_id FROM Person WHERE name = 'Vladislav Namestnikov'), 'C', 7, 183, 180),
    ((SELECT person_id FROM Person WHERE name = 'Morgan Barron'), 'C', 36, 193, 220),
    ((SELECT person_id FROM Person WHERE name = 'Rasmus Kupari'), 'C', 15, 188, 195),
    ((SELECT person_id FROM Person WHERE name = 'David Gustafsson'), 'C', 19, 188, 198),
    ((SELECT person_id FROM Person WHERE name = 'Jaret Anderson-Dolan'), 'C', 28, 185, 190),
    ((SELECT person_id FROM Person WHERE name = 'Josh Morrissey'), 'D', 44, 183, 195),
    ((SELECT person_id FROM Person WHERE name = 'Neal Pionk'), 'D', 4, 183, 186),
    ((SELECT person_id FROM Person WHERE name = 'Dylan DeMelo'), 'D', 2, 185, 191),
    ((SELECT person_id FROM Person WHERE name = 'Colin Miller'), 'D', 6, 185, 202),
    ((SELECT person_id FROM Person WHERE name = 'Dylan Samberg'), 'D', 54, 191, 229),
    ((SELECT person_id FROM Person WHERE name = 'Logan Stanley'), 'D', 64, 201, 228),
    ((SELECT person_id FROM Person WHERE name = 'Ville Heinola'), 'D', 14, 180, 178),
    ((SELECT person_id FROM Person WHERE name = 'Haydn Fleury'), 'D', 24, 191, 208),
    ((SELECT person_id FROM Person WHERE name = 'Dylan Coghlan'), 'D', 52, 191, 194),
    ((SELECT person_id FROM Person WHERE name = 'Connor Hellebuyck'), 'G', 37, 193, 207),
    ((SELECT person_id FROM Person WHERE name = 'Eric Comrie'), 'G', 1, 185, 175);

INSERT INTO Contracts (player_id, team_id, cap_hit) VALUES
    ((SELECT person_id FROM Person WHERE name = 'Mark Scheifele'), @jets_team_id, 8500000),
    ((SELECT person_id FROM Person WHERE name = 'Kyle Connor'), @jets_team_id, 7142857),
    ((SELECT person_id FROM Person WHERE name = 'Nikolaj Ehlers'), @jets_team_id, 6000000),
    ((SELECT person_id FROM Person WHERE name = 'Alex Iafallo'), @jets_team_id, 4000000),
    ((SELECT person_id FROM Person WHERE name = 'Nino Niederreiter'), @jets_team_id, 4000000),
    ((SELECT person_id FROM Person WHERE name = 'Gabriel Vilardi'), @jets_team_id, 3437500),
    ((SELECT person_id FROM Person WHERE name = 'Adam Lowry'), @jets_team_id, 3250000),
    ((SELECT person_id FROM Person WHERE name = 'Cole Perfetti'), @jets_team_id, 3250000),
    ((SELECT person_id FROM Person WHERE name = 'Mason Appleton'), @jets_team_id, 2166666),
    ((SELECT person_id FROM Person WHERE name = 'Vladislav Namestnikov'), @jets_team_id, 2000000),
    ((SELECT person_id FROM Person WHERE name = 'Morgan Barron'), @jets_team_id, 1350000),
    ((SELECT person_id FROM Person WHERE name = 'Rasmus Kupari'), @jets_team_id, 1000000),
    ((SELECT person_id FROM Person WHERE name = 'David Gustafsson'), @jets_team_id, 835000),
    ((SELECT person_id FROM Person WHERE name = 'Jaret Anderson-Dolan'), @jets_team_id, 775000),
    ((SELECT person_id FROM Person WHERE name = 'Josh Morrissey'), @jets_team_id, 6250000),
    ((SELECT person_id FROM Person WHERE name = 'Neal Pionk'), @jets_team_id, 5875000),
    ((SELECT person_id FROM Person WHERE name = 'Dylan DeMelo'), @jets_team_id, 4900000),
    ((SELECT person_id FROM Person WHERE name = 'Colin Miller'), @jets_team_id, 1500000),
    ((SELECT person_id FROM Person WHERE name = 'Dylan Samberg'), @jets_team_id, 1400000),
    ((SELECT person_id FROM Person WHERE name = 'Logan Stanley'), @jets_team_id, 1250000),
    ((SELECT person_id FROM Person WHERE name = 'Ville Heinola'), @jets_team_id, 800000),
    ((SELECT person_id FROM Person WHERE name = 'Haydn Fleury'), @jets_team_id, 775000),
    ((SELECT person_id FROM Person WHERE name = 'Dylan Coghlan'), @jets_team_id, 775000),
    ((SELECT person_id FROM Person WHERE name = 'Connor Hellebuyck'), @jets_team_id, 8500000),
    ((SELECT person_id FROM Person WHERE name = 'Eric Comrie'), @jets_team_id, 825000);



SET @canucks_team_id = (SELECT team_id FROM Teams WHERE team_name = 'Vancouver Canucks');

INSERT INTO Person (name, birthdate, nationality) VALUES
    ('Elias Pettersson', DATE_FORMAT('1998-11-12', '%Y-%m-%d'), 'Sweden'),
    ('J.T. Miller', DATE_FORMAT('1993-03-14', '%Y-%m-%d'), 'USA'),
    ('Brock Boeser', DATE_FORMAT('1997-02-25', '%Y-%m-%d'), 'USA'),
    ('Jake DeBrusk', DATE_FORMAT('1996-10-17', '%Y-%m-%d'), 'Canada'),
    ('Conor Garland', DATE_FORMAT('1996-03-11', '%Y-%m-%d'), 'USA'),
    ('Dakota Joshua', DATE_FORMAT('1996-05-15', '%Y-%m-%d'), 'USA'),
    ('Danton Heinen', DATE_FORMAT('1995-07-01', '%Y-%m-%d'), 'Canada'),
    ('Teddy Blueger', DATE_FORMAT('1994-08-15', '%Y-%m-%d'), 'Latvia'),
    ('Pius Suter', DATE_FORMAT('1996-05-24', '%Y-%m-%d'), 'Switzerland'),
    ('Kiefer Sherwood', DATE_FORMAT('1995-03-31', '%Y-%m-%d'), 'USA'),
    ('Nils Höglander', DATE_FORMAT('2000-12-20', '%Y-%m-%d'), 'Sweden'),
    ('Nils Åman', DATE_FORMAT('1999-03-07', '%Y-%m-%d'), 'Sweden'),
    ('Arshdeep Bains', DATE_FORMAT('2000-01-09', '%Y-%m-%d'), 'Canada'),
    ('Daniel Sprong', DATE_FORMAT('1997-03-17', '%Y-%m-%d'), 'Netherlands'),
    ('Quinn Hughes', DATE_FORMAT('1999-10-14', '%Y-%m-%d'), 'USA'),
    ('Filip Hronek', DATE_FORMAT('1997-11-02', '%Y-%m-%d'), 'Czech Republic'),
    ('Carson Soucy', DATE_FORMAT('1994-07-27', '%Y-%m-%d'), 'Canada'),
    ('Tyler Myers', DATE_FORMAT('1990-02-01', '%Y-%m-%d'), 'USA'),
    ('Vincent Desharnais', DATE_FORMAT('1996-05-29', '%Y-%m-%d'), 'Canada'),
    ('Derek Forbort', DATE_FORMAT('1992-03-04', '%Y-%m-%d'), 'USA'),
    ('Noah Juulsen', DATE_FORMAT('1997-04-02', '%Y-%m-%d'), 'Canada'),
    ('Thatcher Demko', DATE_FORMAT('1995-12-08', '%Y-%m-%d'), 'USA'),
    ('Kevin Lankinen', DATE_FORMAT('1995-04-28', '%Y-%m-%d'), 'Finland'),
    ('Artūrs Šilovs', DATE_FORMAT('2001-03-22', '%Y-%m-%d'), 'Latvia');

INSERT INTO Players (player_id, position, number, height, weight) VALUES
    ((SELECT person_id FROM Person WHERE name = 'Elias Pettersson'), 'C', 40, 188, 176),
    ((SELECT person_id FROM Person WHERE name = 'J.T. Miller'), 'C', 9, 185, 218),
    ((SELECT person_id FROM Person WHERE name = 'Brock Boeser'), 'RW', 6, 185, 208),
    ((SELECT person_id FROM Person WHERE name = 'Jake DeBrusk'), 'LW', 74, 183, 201),
    ((SELECT person_id FROM Person WHERE name = 'Conor Garland'), 'RW', 8, 173, 167),
    ((SELECT person_id FROM Person WHERE name = 'Dakota Joshua'), 'C', 81, 191, 206),
    ((SELECT person_id FROM Person WHERE name = 'Danton Heinen'), 'LW', 20, 185, 188),
    ((SELECT person_id FROM Person WHERE name = 'Teddy Blueger'), 'C', 53, 183, 185),
    ((SELECT person_id FROM Person WHERE name = 'Pius Suter'), 'C', 24, 180, 176),
    ((SELECT person_id FROM Person WHERE name = 'Kiefer Sherwood'), 'LW', 44, 183, 194),
    ((SELECT person_id FROM Person WHERE name = 'Nils Höglander'), 'LW', 21, 175, 186),
    ((SELECT person_id FROM Person WHERE name = 'Nils Åman'), 'C', 88, 188, 200),
    ((SELECT person_id FROM Person WHERE name = 'Arshdeep Bains'), 'LW', 13, 185, 183),
    ((SELECT person_id FROM Person WHERE name = 'Daniel Sprong'), 'RW', 91, 183, 185),
    ((SELECT person_id FROM Person WHERE name = 'Quinn Hughes'), 'D', 43, 178, 175),
    ((SELECT person_id FROM Person WHERE name = 'Filip Hronek'), 'D', 17, 183, 188),
    ((SELECT person_id FROM Person WHERE name = 'Carson Soucy'), 'D', 7, 196, 210),
    ((SELECT person_id FROM Person WHERE name = 'Tyler Myers'), 'D', 57, 203, 229),
    ((SELECT person_id FROM Person WHERE name = 'Vincent Desharnais'), 'D', 73, 198, 209),
    ((SELECT person_id FROM Person WHERE name = 'Derek Forbort'), 'D', 27, 193, 219),
    ((SELECT person_id FROM Person WHERE name = 'Noah Juulsen'), 'D', 47, 188, 201),
    ((SELECT person_id FROM Person WHERE name = 'Thatcher Demko'), 'G', 35, 193, 200),
    ((SELECT person_id FROM Person WHERE name = 'Kevin Lankinen'), 'G', 32, 188, 185),
    ((SELECT person_id FROM Person WHERE name = 'Artūrs Šilovs'), 'G', 31, 193, 207);

INSERT INTO Contracts (player_id, team_id, cap_hit) VALUES
    ((SELECT person_id FROM Person WHERE name = 'Elias Pettersson'), @canucks_team_id, 11600000),
    ((SELECT person_id FROM Person WHERE name = 'J.T. Miller'), @canucks_team_id, 8000000),
    ((SELECT person_id FROM Person WHERE name = 'Brock Boeser'), @canucks_team_id, 6650000),
    ((SELECT person_id FROM Person WHERE name = 'Jake DeBrusk'), @canucks_team_id, 5500000),
    ((SELECT person_id FROM Person WHERE name = 'Conor Garland'), @canucks_team_id, 4950000),
    ((SELECT person_id FROM Person WHERE name = 'Dakota Joshua'), @canucks_team_id, 3250000),
    ((SELECT person_id FROM Person WHERE name = 'Danton Heinen'), @canucks_team_id, 2250000),
    ((SELECT person_id FROM Person WHERE name = 'Teddy Blueger'), @canucks_team_id, 1800000),
    ((SELECT person_id FROM Person WHERE name = 'Pius Suter'), @canucks_team_id, 1600000),
    ((SELECT person_id FROM Person WHERE name = 'Kiefer Sherwood'), @canucks_team_id, 1500000),
    ((SELECT person_id FROM Person WHERE name = 'Nils Höglander'), @canucks_team_id, 1100000),
    ((SELECT person_id FROM Person WHERE name = 'Nils Åman'), @canucks_team_id, 825000),
    ((SELECT person_id FROM Person WHERE name = 'Arshdeep Bains'), @canucks_team_id, 816666),
    ((SELECT person_id FROM Person WHERE name = 'Daniel Sprong'), @canucks_team_id, 775000),
    ((SELECT person_id FROM Person WHERE name = 'Quinn Hughes'), @canucks_team_id, 7850000),
    ((SELECT person_id FROM Person WHERE name = 'Filip Hronek'), @canucks_team_id, 7300000),
    ((SELECT person_id FROM Person WHERE name = 'Carson Soucy'), @canucks_team_id, 3250000),
    ((SELECT person_id FROM Person WHERE name = 'Tyler Myers'), @canucks_team_id, 3000000),
    ((SELECT person_id FROM Person WHERE name = 'Vincent Desharnais'), @canucks_team_id, 2000000),
    ((SELECT person_id FROM Person WHERE name = 'Derek Forbort'), @canucks_team_id, 1500000),
    ((SELECT person_id FROM Person WHERE name = 'Noah Juulsen'), @canucks_team_id, 775000),
    ((SELECT person_id FROM Person WHERE name = 'Thatcher Demko'), @canucks_team_id, 5000000),
    ((SELECT person_id FROM Person WHERE name = 'Kevin Lankinen'), @canucks_team_id, 875000),
    ((SELECT person_id FROM Person WHERE name = 'Artūrs Šilovs'), @canucks_team_id, 850000);



SET @red_wings_team_id = (SELECT team_id FROM Teams WHERE team_name = 'Detroit Red Wings');

INSERT INTO Person (name, birthdate, nationality) VALUES
    ('Dylan Larkin', DATE_FORMAT('1996-07-30', '%Y-%m-%d'), 'USA'),
    ('Lucas Raymond', DATE_FORMAT('2002-03-28', '%Y-%m-%d'), 'Sweden'),
    ('Alex DeBrincat', DATE_FORMAT('1997-12-18', '%Y-%m-%d'), 'USA'),
    ('Andrew Copp', DATE_FORMAT('1994-07-08', '%Y-%m-%d'), 'USA'),
    ('J.T. Compher', DATE_FORMAT('1995-04-08', '%Y-%m-%d'), 'USA'),
    ('Vladimir Tarasenko', DATE_FORMAT('1991-12-13', '%Y-%m-%d'), 'Russia'),
    ('Patrick Kane', DATE_FORMAT('1988-11-19', '%Y-%m-%d'), 'USA'),
    ('Michael Rasmussen', DATE_FORMAT('1999-04-17', '%Y-%m-%d'), 'Canada'),
    ('Joe Veleno', DATE_FORMAT('1999-01-13', '%Y-%m-%d'), 'Canada'),
    ('Christian Fischer', DATE_FORMAT('1997-04-15', '%Y-%m-%d'), 'USA'),
    ('Jonatan Berggren', DATE_FORMAT('2000-07-16', '%Y-%m-%d'), 'Sweden'),
    ('Tyler Motte', DATE_FORMAT('1995-03-10', '%Y-%m-%d'), 'USA'),
    ('Moritz Seider', DATE_FORMAT('2001-04-06', '%Y-%m-%d'), 'Germany'),
    ('Jeff Petry', DATE_FORMAT('1987-12-09', '%Y-%m-%d'), 'USA'),
    ('Ben Chiarot', DATE_FORMAT('1991-05-09', '%Y-%m-%d'), 'Canada'),
    ('Olli Määttä', DATE_FORMAT('1994-08-22', '%Y-%m-%d'), 'Finland'),
    ('Erik Gustafsson', DATE_FORMAT('1992-03-14', '%Y-%m-%d'), 'Sweden'),
    ('Albert Johansson', DATE_FORMAT('2001-01-04', '%Y-%m-%d'), 'Sweden'),
    ('Cam Talbot', DATE_FORMAT('1987-07-05', '%Y-%m-%d'), 'Canada'),
    ('Alex Lyon', DATE_FORMAT('1992-12-09', '%Y-%m-%d'), 'USA'),
    ('Jack Campbell', DATE_FORMAT('1992-01-09', '%Y-%m-%d'), 'Canada'),
    ('Tim Gettinger', DATE_FORMAT('1998-04-14', '%Y-%m-%d'), 'USA');

INSERT INTO Players (player_id, position, number, height, weight) VALUES
    ((SELECT person_id FROM Person WHERE name = 'Dylan Larkin'), 'C', 71, 185, 192),
    ((SELECT person_id FROM Person WHERE name = 'Lucas Raymond'), 'LW', 23, 183, 170),
    ((SELECT person_id FROM Person WHERE name = 'Alex DeBrincat'), 'LW', 93, 170, 165),
    ((SELECT person_id FROM Person WHERE name = 'Andrew Copp'), 'C', 18, 185, 206),
    ((SELECT person_id FROM Person WHERE name = 'J.T. Compher'), 'LW', 37, 183, 190),
    ((SELECT person_id FROM Person WHERE name = 'Vladimir Tarasenko'), 'RW', 11, 183, 225),
    ((SELECT person_id FROM Person WHERE name = 'Patrick Kane'), 'RW', 88, 178, 177),
    ((SELECT person_id FROM Person WHERE name = 'Michael Rasmussen'), 'C', 27, 198, 210),
    ((SELECT person_id FROM Person WHERE name = 'Joe Veleno'), 'C', 90, 185, 200),
    ((SELECT person_id FROM Person WHERE name = 'Christian Fischer'), 'RW', 36, 188, 216),
    ((SELECT person_id FROM Person WHERE name = 'Jonatan Berggren'), 'RW', 48, 181, 183),
    ((SELECT person_id FROM Person WHERE name = 'Tyler Motte'), 'C', 14, 178, 192),
    ((SELECT person_id FROM Person WHERE name = 'Moritz Seider'), 'D', 53, 196, 207),
    ((SELECT person_id FROM Person WHERE name = 'Jeff Petry'), 'D', 46, 190, 201),
    ((SELECT person_id FROM Person WHERE name = 'Ben Chiarot'), 'D', 8, 191, 234),
    ((SELECT person_id FROM Person WHERE name = 'Olli Määttä'), 'D', 2, 188, 210),
    ((SELECT person_id FROM Person WHERE name = 'Erik Gustafsson'), 'D', 56, 183, 197),
    ((SELECT person_id FROM Person WHERE name = 'Albert Johansson'), 'D', 20, 183, 170),
    ((SELECT person_id FROM Person WHERE name = 'Cam Talbot'), 'G', 39, 193, 200),
    ((SELECT person_id FROM Person WHERE name = 'Alex Lyon'), 'G', 34, 185, 200),
    ((SELECT person_id FROM Person WHERE name = 'Jack Campbell'), 'G', 32, 191, 197),
    ((SELECT person_id FROM Person WHERE name = 'Tim Gettinger'), 'LW', 39, 196, 220);

INSERT INTO Contracts (player_id, team_id, cap_hit) VALUES
    ((SELECT person_id FROM Person WHERE name = 'Dylan Larkin'), @red_wings_team_id, 8700000),
    ((SELECT person_id FROM Person WHERE name = 'Lucas Raymond'), @red_wings_team_id, 8075000),
    ((SELECT person_id FROM Person WHERE name = 'Alex DeBrincat'), @red_wings_team_id, 7875000),
    ((SELECT person_id FROM Person WHERE name = 'Andrew Copp'), @red_wings_team_id, 5625000),
    ((SELECT person_id FROM Person WHERE name = 'J.T. Compher'), @red_wings_team_id, 5100000),
    ((SELECT person_id FROM Person WHERE name = 'Vladimir Tarasenko'), @red_wings_team_id, 4750000),
    ((SELECT person_id FROM Person WHERE name = 'Patrick Kane'), @red_wings_team_id, 4000000),
    ((SELECT person_id FROM Person WHERE name = 'Michael Rasmussen'), @red_wings_team_id, 3200000),
    ((SELECT person_id FROM Person WHERE name = 'Joe Veleno'), @red_wings_team_id, 2275000),
    ((SELECT person_id FROM Person WHERE name = 'Christian Fischer'), @red_wings_team_id, 1125000),
    ((SELECT person_id FROM Person WHERE name = 'Jonatan Berggren'), @red_wings_team_id, 825000),
    ((SELECT person_id FROM Person WHERE name = 'Tyler Motte'), @red_wings_team_id, 800000),
    ((SELECT person_id FROM Person WHERE name = 'Moritz Seider'), @red_wings_team_id, 8550000),
    ((SELECT person_id FROM Person WHERE name = 'Jeff Petry'), @red_wings_team_id, 2343750),
    ((SELECT person_id FROM Person WHERE name = 'Ben Chiarot'), @red_wings_team_id, 4750000),
    ((SELECT person_id FROM Person WHERE name = 'Olli Määttä'), @red_wings_team_id, 3000000),
    ((SELECT person_id FROM Person WHERE name = 'Erik Gustafsson'), @red_wings_team_id, 2000000),
    ((SELECT person_id FROM Person WHERE name = 'Albert Johansson'), @red_wings_team_id, 775000),
    ((SELECT person_id FROM Person WHERE name = 'Cam Talbot'), @red_wings_team_id, 2500000),
    ((SELECT person_id FROM Person WHERE name = 'Alex Lyon'), @red_wings_team_id, 900000),
    ((SELECT person_id FROM Person WHERE name = 'Jack Campbell'), @red_wings_team_id, 0),
    ((SELECT person_id FROM Person WHERE name = 'Tim Gettinger'), @red_wings_team_id, 0);



SET @stars_team_id = (SELECT team_id FROM Teams WHERE team_name = 'Dallas Stars');

INSERT INTO Person (name, birthdate, nationality) VALUES
    ('Tyler Seguin', DATE_FORMAT('1992-01-31', '%Y-%m-%d'), 'Canada'),
    ('Jamie Benn', DATE_FORMAT('1989-07-18', '%Y-%m-%d'), 'Canada'),
    ('Roope Hintz', DATE_FORMAT('1996-11-17', '%Y-%m-%d'), 'Finland'),
    ('Jason Robertson', DATE_FORMAT('1999-07-22', '%Y-%m-%d'), 'USA'),
    ('Mason Marchment', DATE_FORMAT('1995-06-18', '%Y-%m-%d'), 'Canada'),
    ('Matt Duchene', DATE_FORMAT('1991-01-16', '%Y-%m-%d'), 'Canada'),
    ('Evgenii Dadonov', DATE_FORMAT('1989-03-12', '%Y-%m-%d'), 'Russia'),
    ('Sam Steel', DATE_FORMAT('1998-02-03', '%Y-%m-%d'), 'Canada'),
    ('Craig Smith', DATE_FORMAT('1989-09-05', '%Y-%m-%d'), 'USA'),
    ('Wyatt Johnston', DATE_FORMAT('2003-05-14', '%Y-%m-%d'), 'Canada'),
    ('Logan Stankoven', DATE_FORMAT('2003-02-26', '%Y-%m-%d'), 'Canada'),
    ('Oskar Bäck', DATE_FORMAT('1999-03-12', '%Y-%m-%d'), 'Sweden'),
    ('Colin Blackwell', DATE_FORMAT('1993-02-28', '%Y-%m-%d'), 'USA'),
    ('Miro Heiskanen', DATE_FORMAT('1999-07-18', '%Y-%m-%d'), 'Finland'),
    ('Esa Lindell', DATE_FORMAT('1994-05-23', '%Y-%m-%d'), 'Finland'),
    ('Thomas Harley', DATE_FORMAT('2001-08-19', '%Y-%m-%d'), 'Canada'),
    ('Matt Dumba', DATE_FORMAT('1994-07-25', '%Y-%m-%d'), 'Canada'),
    ('Ilya Lyubushkin', DATE_FORMAT('1994-04-06', '%Y-%m-%d'), 'Russia'),
    ('Nils Lundkvist', DATE_FORMAT('2000-07-27', '%Y-%m-%d'), 'Sweden'),
    ('Brendan Smith', DATE_FORMAT('1989-02-08', '%Y-%m-%d'), 'Canada'),
    ('Jake Oettinger', DATE_FORMAT('1998-12-18', '%Y-%m-%d'), 'USA'),
    ('Casey DeSmith', DATE_FORMAT('1991-08-13', '%Y-%m-%d'), 'USA'),
    ('Mavrik Bourque', DATE_FORMAT('2001-01-08', '%Y-%m-%d'), 'Canada');

INSERT INTO Players (player_id, position, number, height, weight) VALUES
    ((SELECT person_id FROM Person WHERE name = 'Tyler Seguin'), 'C', 91, 185, 207),
    ((SELECT person_id FROM Person WHERE name = 'Jamie Benn'), 'LW', 14, 188, 210),
    ((SELECT person_id FROM Person WHERE name = 'Roope Hintz'), 'C', 24, 191, 205),
    ((SELECT person_id FROM Person WHERE name = 'Jason Robertson'), 'LW', 21, 191, 200),
    ((SELECT person_id FROM Person WHERE name = 'Mason Marchment'), 'LW', 27, 193, 210),
    ((SELECT person_id FROM Person WHERE name = 'Matt Duchene'), 'C', 95, 180, 194),
    ((SELECT person_id FROM Person WHERE name = 'Evgenii Dadonov'), 'RW', 63, 178, 185),
    ((SELECT person_id FROM Person WHERE name = 'Sam Steel'), 'C', 18, 183, 189),
    ((SELECT person_id FROM Person WHERE name = 'Craig Smith'), 'C', 15, 185, 201),
    ((SELECT person_id FROM Person WHERE name = 'Wyatt Johnston'), 'C', 53, 180, 185),
    ((SELECT person_id FROM Person WHERE name = 'Logan Stankoven'), 'C', 11, 173, 170),
    ((SELECT person_id FROM Person WHERE name = 'Oskar Bäck'), 'C', 10, 188, 201),
    ((SELECT person_id FROM Person WHERE name = 'Colin Blackwell'), 'C', 15, 178, 190),
    ((SELECT person_id FROM Person WHERE name = 'Miro Heiskanen'), 'D', 4, 185, 185),
    ((SELECT person_id FROM Person WHERE name = 'Esa Lindell'), 'D', 23, 191, 221),
    ((SELECT person_id FROM Person WHERE name = 'Thomas Harley'), 'D', 55, 191, 194),
    ((SELECT person_id FROM Person WHERE name = 'Matt Dumba'), 'D', 3, 183, 181),
    ((SELECT person_id FROM Person WHERE name = 'Ilya Lyubushkin'), 'D', 46, 188, 201),
    ((SELECT person_id FROM Person WHERE name = 'Nils Lundkvist'), 'D', 5, 183, 187),
    ((SELECT person_id FROM Person WHERE name = 'Brendan Smith'), 'D', 2, 188, 200),
    ((SELECT person_id FROM Person WHERE name = 'Jake Oettinger'), 'G', 29, 196, 220),
    ((SELECT person_id FROM Person WHERE name = 'Casey DeSmith'), 'G', 1, 183, 181),
    ((SELECT person_id FROM Person WHERE name = 'Mavrik Bourque'), 'C', 22, 180, 180);

INSERT INTO Contracts (player_id, team_id, cap_hit) VALUES
    ((SELECT person_id FROM Person WHERE name = 'Tyler Seguin'), @stars_team_id, 9850000),
    ((SELECT person_id FROM Person WHERE name = 'Jamie Benn'), @stars_team_id, 9500000),
    ((SELECT person_id FROM Person WHERE name = 'Roope Hintz'), @stars_team_id, 8450000),
    ((SELECT person_id FROM Person WHERE name = 'Jason Robertson'), @stars_team_id, 7750000),
    ((SELECT person_id FROM Person WHERE name = 'Mason Marchment'), @stars_team_id, 4500000),
    ((SELECT person_id FROM Person WHERE name = 'Matt Duchene'), @stars_team_id, 3000000),
    ((SELECT person_id FROM Person WHERE name = 'Evgenii Dadonov'), @stars_team_id, 2250000),
    ((SELECT person_id FROM Person WHERE name = 'Sam Steel'), @stars_team_id, 1200000),
    ((SELECT person_id FROM Person WHERE name = 'Craig Smith'), @stars_team_id, 1000000),
    ((SELECT person_id FROM Person WHERE name = 'Wyatt Johnston'), @stars_team_id, 894166),
    ((SELECT person_id FROM Person WHERE name = 'Logan Stankoven'), @stars_team_id, 814166),
    ((SELECT person_id FROM Person WHERE name = 'Oskar Bäck'), @stars_team_id, 775000),
    ((SELECT person_id FROM Person WHERE name = 'Colin Blackwell'), @stars_team_id, 775000),
    ((SELECT person_id FROM Person WHERE name = 'Miro Heiskanen'), @stars_team_id, 8450000),
    ((SELECT person_id FROM Person WHERE name = 'Esa Lindell'), @stars_team_id, 5800000),
    ((SELECT person_id FROM Person WHERE name = 'Thomas Harley'), @stars_team_id, 4000000),
    ((SELECT person_id FROM Person WHERE name = 'Matt Dumba'), @stars_team_id, 3750000),
    ((SELECT person_id FROM Person WHERE name = 'Ilya Lyubushkin'), @stars_team_id, 3250000),
    ((SELECT person_id FROM Person WHERE name = 'Nils Lundkvist'), @stars_team_id, 1125000),
    ((SELECT person_id FROM Person WHERE name = 'Brendan Smith'), @stars_team_id, 1000000),
    ((SELECT person_id FROM Person WHERE name = 'Jake Oettinger'), @stars_team_id, 4000000),
    ((SELECT person_id FROM Person WHERE name = 'Casey DeSmith'), @stars_team_id, 1000000),
    ((SELECT person_id FROM Person WHERE name = 'Mavrik Bourque'), @stars_team_id, 9362);



SET @hurricanes_team_id = (SELECT team_id FROM Teams WHERE team_name = 'Carolina Hurricanes');

INSERT INTO Person (name, birthdate, nationality) VALUES
    ('Sebastian Aho', DATE_FORMAT('1997-07-26', '%Y-%m-%d'), 'Finland'),
    ('Andrei Svechnikov', DATE_FORMAT('2000-03-26', '%Y-%m-%d'), 'Russia'),
    ('Seth Jarvis', DATE_FORMAT('2002-02-01', '%Y-%m-%d'), 'Canada'),
    ('Martin Nečas', DATE_FORMAT('1999-01-15', '%Y-%m-%d'), 'Czech Republic'),
    ('Jesperi Kotkaniemi', DATE_FORMAT('2000-07-06', '%Y-%m-%d'), 'Finland'),
    ('Jordan Martinook', DATE_FORMAT('1992-07-25', '%Y-%m-%d'), 'Canada'),
    ('Jordan Staal', DATE_FORMAT('1988-09-10', '%Y-%m-%d'), 'Canada'),
    ('Jack Roslovic', DATE_FORMAT('1997-01-29', '%Y-%m-%d'), 'USA'),
    ('William Carrier', DATE_FORMAT('1994-12-20', '%Y-%m-%d'), 'Canada'),
    ('Jack Drury', DATE_FORMAT('1999-02-03', '%Y-%m-%d'), 'USA'),
    ('Eric Robinson', DATE_FORMAT('1995-06-14', '%Y-%m-%d'), 'USA'),
    ('Jackson Blake', DATE_FORMAT('2002-08-10', '%Y-%m-%d'), 'USA'),
    ('Brendan Lemieux', DATE_FORMAT('1996-03-15', '%Y-%m-%d'), 'USA'),
    ('Brent Burns', DATE_FORMAT('1985-03-09', '%Y-%m-%d'), 'Canada'),
    ('Dmitry Orlov', DATE_FORMAT('1991-07-23', '%Y-%m-%d'), 'Russia'),
    ('Jaccob Slavin', DATE_FORMAT('1994-05-01', '%Y-%m-%d'), 'USA'),
    ('Sean Walker', DATE_FORMAT('1994-11-13', '%Y-%m-%d'), 'Canada'),
    ('Shayne Gostisbehere', DATE_FORMAT('1993-04-20', '%Y-%m-%d'), 'USA'),
    ('Jalen Chatfield', DATE_FORMAT('1996-05-15', '%Y-%m-%d'), 'Canada'),
    ('Frederik Andersen', DATE_FORMAT('1989-10-02', '%Y-%m-%d'), 'Denmark'),
    ('Pyotr Kochetkov', DATE_FORMAT('1999-06-25', '%Y-%m-%d'), 'Russia'),
    ('Jesper Fast', DATE_FORMAT('1991-12-02', '%Y-%m-%d'), 'Sweden'),
    ('Riley Stillman', DATE_FORMAT('1998-03-09', '%Y-%m-%d'), 'Canada');

INSERT INTO Players (player_id, position, number, height, weight) VALUES
    ((SELECT person_id FROM Person WHERE name = 'Sebastian Aho'), 'C', 20, 183, 176),
    ((SELECT person_id FROM Person WHERE name = 'Andrei Svechnikov'), 'RW', 37, 188, 192),
    ((SELECT person_id FROM Person WHERE name = 'Seth Jarvis'), 'C', 24, 178, 175),
    ((SELECT person_id FROM Person WHERE name = 'Martin Nečas'), 'C', 88, 188, 199),
    ((SELECT person_id FROM Person WHERE name = 'Jesperi Kotkaniemi'), 'C', 82, 188, 201),
    ((SELECT person_id FROM Person WHERE name = 'Jordan Martinook'), 'LW', 48, 183, 200),
    ((SELECT person_id FROM Person WHERE name = 'Jordan Staal'), 'C', 11, 193, 220),
    ((SELECT person_id FROM Person WHERE name = 'Jack Roslovic'), 'C', 96, 185, 199),
    ((SELECT person_id FROM Person WHERE name = 'William Carrier'), 'LW', 28, 186, 212),
    ((SELECT person_id FROM Person WHERE name = 'Jack Drury'), 'C', 18, 180, 174),
    ((SELECT person_id FROM Person WHERE name = 'Eric Robinson'), 'LW', 50, 188, 200),
    ((SELECT person_id FROM Person WHERE name = 'Jackson Blake'), 'RW', 53, 175, 155),
    ((SELECT person_id FROM Person WHERE name = 'Brendan Lemieux'), 'LW', 22, 185, 215),
    ((SELECT person_id FROM Person WHERE name = 'Brent Burns'), 'D', 8, 196, 230),
    ((SELECT person_id FROM Person WHERE name = 'Dmitry Orlov'), 'D', 7, 183, 214),
    ((SELECT person_id FROM Person WHERE name = 'Jaccob Slavin'), 'D', 74, 191, 207),
    ((SELECT person_id FROM Person WHERE name = 'Sean Walker'), 'D', 26, 178, 191),
    ((SELECT person_id FROM Person WHERE name = 'Shayne Gostisbehere'), 'D', 4, 180, 188),
    ((SELECT person_id FROM Person WHERE name = 'Jalen Chatfield'), 'D', 5, 185, 194),
    ((SELECT person_id FROM Person WHERE name = 'Frederik Andersen'), 'G', 31, 193, 220),
    ((SELECT person_id FROM Person WHERE name = 'Pyotr Kochetkov'), 'G', 52, 191, 180),
    ((SELECT person_id FROM Person WHERE name = 'Jesper Fast'), 'RW', 71, 180, 192),
    ((SELECT person_id FROM Person WHERE name = 'Riley Stillman'), 'D', 61, 185, 202);

INSERT INTO Contracts (player_id, team_id, cap_hit) VALUES
    ((SELECT person_id FROM Person WHERE name = 'Sebastian Aho'), @hurricanes_team_id, 9750000),
    ((SELECT person_id FROM Person WHERE name = 'Andrei Svechnikov'), @hurricanes_team_id, 7750000),
    ((SELECT person_id FROM Person WHERE name = 'Seth Jarvis'), @hurricanes_team_id, 7420087),
    ((SELECT person_id FROM Person WHERE name = 'Martin Nečas'), @hurricanes_team_id, 6500000),
    ((SELECT person_id FROM Person WHERE name = 'Jesperi Kotkaniemi'), @hurricanes_team_id, 4820000),
    ((SELECT person_id FROM Person WHERE name = 'Jordan Martinook'), @hurricanes_team_id, 3050000),
    ((SELECT person_id FROM Person WHERE name = 'Jordan Staal'), @hurricanes_team_id, 2900000),
    ((SELECT person_id FROM Person WHERE name = 'Jack Roslovic'), @hurricanes_team_id, 2800000),
    ((SELECT person_id FROM Person WHERE name = 'William Carrier'), @hurricanes_team_id, 2000000),
    ((SELECT person_id FROM Person WHERE name = 'Jack Drury'), @hurricanes_team_id, 1725000),
    ((SELECT person_id FROM Person WHERE name = 'Eric Robinson'), @hurricanes_team_id, 950000),
    ((SELECT person_id FROM Person WHERE name = 'Jackson Blake'), @hurricanes_team_id, 905833),
    ((SELECT person_id FROM Person WHERE name = 'Brendan Lemieux'), @hurricanes_team_id, 775000),
    ((SELECT person_id FROM Person WHERE name = 'Brent Burns'), @hurricanes_team_id, 5280000),
    ((SELECT person_id FROM Person WHERE name = 'Dmitry Orlov'), @hurricanes_team_id, 7750000),
    ((SELECT person_id FROM Person WHERE name = 'Jaccob Slavin'), @hurricanes_team_id, 5300000),
    ((SELECT person_id FROM Person WHERE name = 'Sean Walker'), @hurricanes_team_id, 3600000),
    ((SELECT person_id FROM Person WHERE name = 'Shayne Gostisbehere'), @hurricanes_team_id, 3200000),
    ((SELECT person_id FROM Person WHERE name = 'Jalen Chatfield'), @hurricanes_team_id, 3000000),
    ((SELECT person_id FROM Person WHERE name = 'Frederik Andersen'), @hurricanes_team_id, 3400000),
    ((SELECT person_id FROM Person WHERE name = 'Pyotr Kochetkov'), @hurricanes_team_id, 2000000),
    ((SELECT person_id FROM Person WHERE name = 'Jesper Fast'), @hurricanes_team_id, 2400000),
    ((SELECT person_id FROM Person WHERE name = 'Riley Stillman'), @hurricanes_team_id, 775000);



SET @oilers_team_id = (SELECT team_id FROM Teams WHERE team_name = 'Edmonton Oilers');

INSERT INTO Person (name, birthdate, nationality) VALUES
    ('Connor McDavid', DATE_FORMAT('1997-01-13', '%Y-%m-%d'), 'Canada'),
    ('Leon Draisaitl', DATE_FORMAT('1995-10-27', '%Y-%m-%d'), 'Germany'),
    ('Zach Hyman', DATE_FORMAT('1992-06-09', '%Y-%m-%d'), 'Canada'),
    ('Ryan Nugent-Hopkins', DATE_FORMAT('1993-04-12', '%Y-%m-%d'), 'Canada'),
    ('Viktor Arvidsson', DATE_FORMAT('1993-04-08', '%Y-%m-%d'), 'Sweden'),
    ('Adam Henrique', DATE_FORMAT('1990-02-06', '%Y-%m-%d'), 'Canada'),
    ('Jeff Skinner', DATE_FORMAT('1992-05-16', '%Y-%m-%d'), 'Canada'),
    ('Mattias Janmark', DATE_FORMAT('1992-12-08', '%Y-%m-%d'), 'Sweden'),
    ('Corey Perry', DATE_FORMAT('1985-05-16', '%Y-%m-%d'), 'Canada'),
    ('Vasily Podkolzin', DATE_FORMAT('2001-06-24', '%Y-%m-%d'), 'Russia'),
    ('Connor Brown', DATE_FORMAT('1994-01-14', '%Y-%m-%d'), 'Canada'),
    ('Derek Ryan', DATE_FORMAT('1986-12-29', '%Y-%m-%d'), 'Canada'),
    ('Darnell Nurse', DATE_FORMAT('1995-02-04', '%Y-%m-%d'), 'Canada'),
    ('Mattias Ekholm', DATE_FORMAT('1990-05-24', '%Y-%m-%d'), 'Sweden'),
    ('Evan Bouchard', DATE_FORMAT('1999-10-20', '%Y-%m-%d'), 'Canada'),
    ('Brett Kulak', DATE_FORMAT('1994-01-06', '%Y-%m-%d'), 'Canada'),
    ('Ty Emberson', DATE_FORMAT('2000-05-04', '%Y-%m-%d'), 'USA'),
    ('Troy Stecher', DATE_FORMAT('1994-04-07', '%Y-%m-%d'), 'Canada'),
    ('Travis Dermott', DATE_FORMAT('1996-12-22', '%Y-%m-%d'), 'Canada'),
    ('Stuart Skinner', DATE_FORMAT('1998-11-01', '%Y-%m-%d'), 'Canada'),
    ('Calvin Pickard', DATE_FORMAT('1992-04-15', '%Y-%m-%d'), 'Canada'),
    ('Evander Kane', DATE_FORMAT('1991-08-02', '%Y-%m-%d'), 'Canada'),
    ('Brady Stonehouse', DATE_FORMAT('2003-02-23', '%Y-%m-%d'), 'Canada');

INSERT INTO Players (player_id, position, number, height, weight) VALUES
    ((SELECT person_id FROM Person WHERE name = 'Connor McDavid'), 'C', 97, 185, 193),
    ((SELECT person_id FROM Person WHERE name = 'Leon Draisaitl'), 'C', 29, 188, 208),
    ((SELECT person_id FROM Person WHERE name = 'Zach Hyman'), 'LW', 18, 185, 211),
    ((SELECT person_id FROM Person WHERE name = 'Ryan Nugent-Hopkins'), 'C', 93, 185, 184),
    ((SELECT person_id FROM Person WHERE name = 'Viktor Arvidsson'), 'LW', 33, 180, 185),
    ((SELECT person_id FROM Person WHERE name = 'Adam Henrique'), 'C', 19, 183, 195),
    ((SELECT person_id FROM Person WHERE name = 'Jeff Skinner'), 'LW', 53, 180, 187),
    ((SELECT person_id FROM Person WHERE name = 'Mattias Janmark'), 'C', 13, 185, 208),
    ((SELECT person_id FROM Person WHERE name = 'Corey Perry'), 'RW', 90, 191, 206),
    ((SELECT person_id FROM Person WHERE name = 'Vasily Podkolzin'), 'RW', 92, 193, 208),
    ((SELECT person_id FROM Person WHERE name = 'Connor Brown'), 'RW', 28, 183, 183),
    ((SELECT person_id FROM Person WHERE name = 'Derek Ryan'), 'C', 10, 178, 181),
    ((SELECT person_id FROM Person WHERE name = 'Darnell Nurse'), 'D', 25, 193, 221),
    ((SELECT person_id FROM Person WHERE name = 'Mattias Ekholm'), 'D', 14, 193, 215),
    ((SELECT person_id FROM Person WHERE name = 'Evan Bouchard'), 'D', 2, 191, 200),
    ((SELECT person_id FROM Person WHERE name = 'Brett Kulak'), 'D', 27, 185, 192),
    ((SELECT person_id FROM Person WHERE name = 'Ty Emberson'), 'D', 49, 185, 196),
    ((SELECT person_id FROM Person WHERE name = 'Troy Stecher'), 'D', 51, 178, 184),
    ((SELECT person_id FROM Person WHERE name = 'Travis Dermott'), 'D', 24, 183, 202),
    ((SELECT person_id FROM Person WHERE name = 'Stuart Skinner'), 'G', 74, 193, 206),
    ((SELECT person_id FROM Person WHERE name = 'Calvin Pickard'), 'G', 30, 185, 206),
    ((SELECT person_id FROM Person WHERE name = 'Evander Kane'), 'LW', 91, 188, 210),
    ((SELECT person_id FROM Person WHERE name = 'Brady Stonehouse'), 'RW', 41, 178, 183);

INSERT INTO Contracts (player_id, team_id, cap_hit) VALUES
    ((SELECT person_id FROM Person WHERE name = 'Connor McDavid'), @oilers_team_id, 12500000),
    ((SELECT person_id FROM Person WHERE name = 'Leon Draisaitl'), @oilers_team_id, 8500000),
    ((SELECT person_id FROM Person WHERE name = 'Zach Hyman'), @oilers_team_id, 5500000),
    ((SELECT person_id FROM Person WHERE name = 'Ryan Nugent-Hopkins'), @oilers_team_id, 5125000),
    ((SELECT person_id FROM Person WHERE name = 'Viktor Arvidsson'), @oilers_team_id, 4000000),
    ((SELECT person_id FROM Person WHERE name = 'Adam Henrique'), @oilers_team_id, 3000000),
    ((SELECT person_id FROM Person WHERE name = 'Jeff Skinner'), @oilers_team_id, 3000000),
    ((SELECT person_id FROM Person WHERE name = 'Mattias Janmark'), @oilers_team_id, 1450000),
    ((SELECT person_id FROM Person WHERE name = 'Corey Perry'), @oilers_team_id, 1150000),
    ((SELECT person_id FROM Person WHERE name = 'Vasily Podkolzin'), @oilers_team_id, 1000000),
    ((SELECT person_id FROM Person WHERE name = 'Connor Brown'), @oilers_team_id, 1000000),
    ((SELECT person_id FROM Person WHERE name = 'Derek Ryan'), @oilers_team_id, 900000),
    ((SELECT person_id FROM Person WHERE name = 'Darnell Nurse'), @oilers_team_id, 9250000),
    ((SELECT person_id FROM Person WHERE name = 'Mattias Ekholm'), @oilers_team_id, 6000000),
    ((SELECT person_id FROM Person WHERE name = 'Evan Bouchard'), @oilers_team_id, 3900000),
    ((SELECT person_id FROM Person WHERE name = 'Brett Kulak'), @oilers_team_id, 2750000),
    ((SELECT person_id FROM Person WHERE name = 'Ty Emberson'), @oilers_team_id, 950000),
    ((SELECT person_id FROM Person WHERE name = 'Troy Stecher'), @oilers_team_id, 787500),
    ((SELECT person_id FROM Person WHERE name = 'Travis Dermott'), @oilers_team_id, 775000),
    ((SELECT person_id FROM Person WHERE name = 'Stuart Skinner'), @oilers_team_id, 2600000),
    ((SELECT person_id FROM Person WHERE name = 'Calvin Pickard'), @oilers_team_id, 1000000),
    ((SELECT person_id FROM Person WHERE name = 'Evander Kane'), @oilers_team_id, 5125000),
    ((SELECT person_id FROM Person WHERE name = 'Brady Stonehouse'), @oilers_team_id, 825967);



SET @sharks_team_id = (SELECT team_id FROM Teams WHERE team_name = 'San Jose Sharks');

INSERT INTO Person (name, birthdate, nationality) VALUES
    ('Logan Couture', DATE_FORMAT('1989-03-28', '%Y-%m-%d'), 'Canada'),
    ('Tyler Toffoli', DATE_FORMAT('1992-04-24', '%Y-%m-%d'), 'Canada'),
    ('Mikael Granlund', DATE_FORMAT('1992-02-26', '%Y-%m-%d'), 'Finland'),
    ('Alex Wennberg', DATE_FORMAT('1994-09-22', '%Y-%m-%d'), 'Sweden'),
    ('Barclay Goodrow', DATE_FORMAT('1993-02-26', '%Y-%m-%d'), 'Canada'),
    ('Luke Kunin', DATE_FORMAT('1997-12-04', '%Y-%m-%d'), 'USA'),
    ('Nico Sturm', DATE_FORMAT('1995-05-03', '%Y-%m-%d'), 'Germany'),
    ('Klim Kostin', DATE_FORMAT('1999-05-05', '%Y-%m-%d'), 'Russia'),
    ('Carl Grundström', DATE_FORMAT('1998-12-01', '%Y-%m-%d'), 'Sweden'),
    ('Fabian Zetterlund', DATE_FORMAT('1999-08-25', '%Y-%m-%d'), 'Sweden'),
    ('Ty Dellandrea', DATE_FORMAT('2000-07-21', '%Y-%m-%d'), 'Canada'),
    ('Macklin Celebrini', DATE_FORMAT('2005-06-15', '%Y-%m-%d'), 'Canada'),
    ('Will Smith', DATE_FORMAT('2004-01-31', '%Y-%m-%d'), 'USA'),
    ('William Eklund', DATE_FORMAT('2002-10-12', '%Y-%m-%d'), 'Sweden'),
    ('Danil Gushchin', DATE_FORMAT('2002-02-06', '%Y-%m-%d'), 'Russia'),
    ('Givani Smith', DATE_FORMAT('1998-02-27', '%Y-%m-%d'), 'Canada'),
    ('Marc-Édouard Vlasic', DATE_FORMAT('1987-03-30', '%Y-%m-%d'), 'Canada'),
    ('Jake Walman', DATE_FORMAT('1996-02-20', '%Y-%m-%d'), 'Canada'),
    ('Cody Ceci', DATE_FORMAT('1993-12-21', '%Y-%m-%d'), 'Canada'),
    ('Mario Ferraro', DATE_FORMAT('1998-09-17', '%Y-%m-%d'), 'Canada'),
    ('Jan Rutta', DATE_FORMAT('1990-07-29', '%Y-%m-%d'), 'Czech Republic'),
    ('Matt Benning', DATE_FORMAT('1994-05-25', '%Y-%m-%d'), 'Canada'),
    ('Henry Thrun', DATE_FORMAT('2002-03-12', '%Y-%m-%d'), 'USA'),
    ('Jack Thompson', DATE_FORMAT('2001-03-19', '%Y-%m-%d'), 'Canada'),
    ('Vitek Vaněček', DATE_FORMAT('1996-01-09', '%Y-%m-%d'), 'Czech Republic'),
    ('Mackenzie Blackwood', DATE_FORMAT('1996-12-09', '%Y-%m-%d'), 'Canada'),
    ('Igor Chernyshov', DATE_FORMAT('2005-03-21', '%Y-%m-%d'), 'Russia'),
    ('Thomas Bordeleau', DATE_FORMAT('2002-01-03', '%Y-%m-%d'), 'USA'),
    ('Shakir Mukhamadullin', DATE_FORMAT('2002-01-10', '%Y-%m-%d'), 'Russia'),
    ('Lucas Carlsson', DATE_FORMAT('1997-07-05', '%Y-%m-%d'), 'Sweden');

INSERT INTO Players (player_id, position, number, height, weight) VALUES
    ((SELECT person_id FROM Person WHERE name = 'Logan Couture'), 'C', 39, 185, 200),
    ((SELECT person_id FROM Person WHERE name = 'Tyler Toffoli'), 'RW', 73, 183, 197),
    ((SELECT person_id FROM Person WHERE name = 'Mikael Granlund'), 'C', 64, 178, 185),
    ((SELECT person_id FROM Person WHERE name = 'Alex Wennberg'), 'C', 21, 188, 200),
    ((SELECT person_id FROM Person WHERE name = 'Barclay Goodrow'), 'C', 23, 188, 215),
    ((SELECT person_id FROM Person WHERE name = 'Luke Kunin'), 'C', 11, 183, 195),
    ((SELECT person_id FROM Person WHERE name = 'Nico Sturm'), 'C', 7, 191, 209),
    ((SELECT person_id FROM Person WHERE name = 'Klim Kostin'), 'C', 10, 191, 212),
    ((SELECT person_id FROM Person WHERE name = 'Carl Grundström'), 'RW', 91, 183, 212),
    ((SELECT person_id FROM Person WHERE name = 'Fabian Zetterlund'), 'LW', 20, 180, 220),
    ((SELECT person_id FROM Person WHERE name = 'Ty Dellandrea'), 'C', 53, 185, 190),
    ((SELECT person_id FROM Person WHERE name = 'Macklin Celebrini'), 'C', 71, 183, 185),
    ((SELECT person_id FROM Person WHERE name = 'Will Smith'), 'C', 2, 182, 180),
    ((SELECT person_id FROM Person WHERE name = 'William Eklund'), 'C', 72, 180, 181),
    ((SELECT person_id FROM Person WHERE name = 'Danil Gushchin'), 'LW', 75, 178, 175),
    ((SELECT person_id FROM Person WHERE name = 'Givani Smith'), 'RW', 54, 188, 210),
    ((SELECT person_id FROM Person WHERE name = 'Marc-Édouard Vlasic'), 'D', 44, 185, 209),
    ((SELECT person_id FROM Person WHERE name = 'Jake Walman'), 'D', 96, 188, 215),
    ((SELECT person_id FROM Person WHERE name = 'Cody Ceci'), 'D', 4, 188, 210),
    ((SELECT person_id FROM Person WHERE name = 'Mario Ferraro'), 'D', 38, 183, 204),
    ((SELECT person_id FROM Person WHERE name = 'Jan Rutta'), 'D', 84, 192, 204),
    ((SELECT person_id FROM Person WHERE name = 'Matt Benning'), 'D', 5, 185, 200),
    ((SELECT person_id FROM Person WHERE name = 'Henry Thrun'), 'D', 3, 188, 195),
    ((SELECT person_id FROM Person WHERE name = 'Jack Thompson'), 'D', 26, 185, 185),
    ((SELECT person_id FROM Person WHERE name = 'Vitek Vaněček'), 'G', 41, 188, 192),
    ((SELECT person_id FROM Person WHERE name = 'Mackenzie Blackwood'), 'G', 29, 194, 225),
    ((SELECT person_id FROM Person WHERE name = 'Igor Chernyshov'), 'L', 24, 180, 175),
    ((SELECT person_id FROM Person WHERE name = 'Thomas Bordeleau'), 'C', 17, 178, 177),
    ((SELECT person_id FROM Person WHERE name = 'Shakir Mukhamadullin'), 'D', 85, 192, 170),
    ((SELECT person_id FROM Person WHERE name = 'Lucas Carlsson'), 'D', 36, 183, 191);

INSERT INTO Contracts (player_id, team_id, cap_hit) VALUES
    ((SELECT person_id FROM Person WHERE name = 'Logan Couture'), @sharks_team_id, 8000000),
    ((SELECT person_id FROM Person WHERE name = 'Tyler Toffoli'), @sharks_team_id, 6000000),
    ((SELECT person_id FROM Person WHERE name = 'Mikael Granlund'), @sharks_team_id, 5000000),
    ((SELECT person_id FROM Person WHERE name = 'Alex Wennberg'), @sharks_team_id, 5000000),
    ((SELECT person_id FROM Person WHERE name = 'Barclay Goodrow'), @sharks_team_id, 3641666),
    ((SELECT person_id FROM Person WHERE name = 'Luke Kunin'), @sharks_team_id, 2750000),
    ((SELECT person_id FROM Person WHERE name = 'Nico Sturm'), @sharks_team_id, 2000000),
    ((SELECT person_id FROM Person WHERE name = 'Klim Kostin'), @sharks_team_id, 2000000),
    ((SELECT person_id FROM Person WHERE name = 'Carl Grundström'), @sharks_team_id, 1800000),
    ((SELECT person_id FROM Person WHERE name = 'Fabian Zetterlund'), @sharks_team_id, 1450000),
    ((SELECT person_id FROM Person WHERE name = 'Ty Dellandrea'), @sharks_team_id, 1300000),
    ((SELECT person_id FROM Person WHERE name = 'Macklin Celebrini'), @sharks_team_id, 975000),
    ((SELECT person_id FROM Person WHERE name = 'Will Smith'), @sharks_team_id, 950000),
    ((SELECT person_id FROM Person WHERE name = 'William Eklund'), @sharks_team_id, 863333),
    ((SELECT person_id FROM Person WHERE name = 'Danil Gushchin'), @sharks_team_id, 828333),
    ((SELECT person_id FROM Person WHERE name = 'Givani Smith'), @sharks_team_id, 800000),
    ((SELECT person_id FROM Person WHERE name = 'Marc-Édouard Vlasic'), @sharks_team_id, 7000000),
    ((SELECT person_id FROM Person WHERE name = 'Jake Walman'), @sharks_team_id, 3400000),
    ((SELECT person_id FROM Person WHERE name = 'Cody Ceci'), @sharks_team_id, 3250000),
    ((SELECT person_id FROM Person WHERE name = 'Mario Ferraro'), @sharks_team_id, 3250000),
    ((SELECT person_id FROM Person WHERE name = 'Jan Rutta'), @sharks_team_id, 2750000),
    ((SELECT person_id FROM Person WHERE name = 'Matt Benning'), @sharks_team_id, 1250000),
    ((SELECT person_id FROM Person WHERE name = 'Henry Thrun'), @sharks_team_id, 1000000),
    ((SELECT person_id FROM Person WHERE name = 'Jack Thompson'), @sharks_team_id, 828333),
    ((SELECT person_id FROM Person WHERE name = 'Vitek Vaněček'), @sharks_team_id, 3400000),
    ((SELECT person_id FROM Person WHERE name = 'Mackenzie Blackwood'), @sharks_team_id, 2350000),
    ((SELECT person_id FROM Person WHERE name = 'Igor Chernyshov'), @sharks_team_id, 0),
    ((SELECT person_id FROM Person WHERE name = 'Thomas Bordeleau'), @sharks_team_id, 288323),
    ((SELECT person_id FROM Person WHERE name = 'Shakir Mukhamadullin'), @sharks_team_id, 32770),
    ((SELECT person_id FROM Person WHERE name = 'Lucas Carlsson'), @sharks_team_id, 0);



SET @flyers_team_id = (SELECT team_id FROM Teams WHERE team_name = 'Philadelphia Flyers');

INSERT INTO Person (name, birthdate, nationality) VALUES
    ('Sean Couturier', DATE_FORMAT('1992-12-07', '%Y-%m-%d'), 'Canada'),
    ('Owen Tippett', DATE_FORMAT('1999-02-16', '%Y-%m-%d'), 'Canada'),
    ('Travis Konecny', DATE_FORMAT('1997-03-11', '%Y-%m-%d'), 'Canada'),
    ('Joel Farabee', DATE_FORMAT('2000-02-25', '%Y-%m-%d'), 'USA'),
    ('Scott Laughton', DATE_FORMAT('1994-05-30', '%Y-%m-%d'), 'Canada'),
    ('Noah Cates', DATE_FORMAT('1999-02-05', '%Y-%m-%d'), 'USA'),
    ('Garnet Hathaway', DATE_FORMAT('1991-11-23', '%Y-%m-%d'), 'USA'),
    ('Morgan Frost', DATE_FORMAT('1999-05-14', '%Y-%m-%d'), 'Canada'),
    ('Ryan Poehling', DATE_FORMAT('1999-01-03', '%Y-%m-%d'), 'USA'),
    ('Nicolas Deslauriers', DATE_FORMAT('1991-02-22', '%Y-%m-%d'), 'Canada'),
    ('Bobby Brink', DATE_FORMAT('2001-07-08', '%Y-%m-%d'), 'USA'),
    ('Jett Luchanko', DATE_FORMAT('2005-08-17', '%Y-%m-%d'), 'USA'),
    ('Matvei Michkov', DATE_FORMAT('2004-12-09', '%Y-%m-%d'), 'Russia'),
    ('Tyson Foerster', DATE_FORMAT('2002-01-18', '%Y-%m-%d'), 'Canada'),
    ('Ryan Ellis', DATE_FORMAT('1991-01-03', '%Y-%m-%d'), 'Canada'),
    ('Travis Sanheim', DATE_FORMAT('1996-03-29', '%Y-%m-%d'), 'Canada'),
    ('Rasmus Ristolainen', DATE_FORMAT('1994-10-27', '%Y-%m-%d'), 'Finland'),
    ('Nick Seeler', DATE_FORMAT('1993-06-03', '%Y-%m-%d'), 'USA'),
    ('Jamie Drysdale', DATE_FORMAT('2002-04-08', '%Y-%m-%d'), 'Canada'),
    ('Egor Zamula', DATE_FORMAT('2000-03-30', '%Y-%m-%d'), 'Russia'),
    ('Cam York', DATE_FORMAT('2001-01-05', '%Y-%m-%d'), 'USA'),
    ('Erik Johnson', DATE_FORMAT('1988-03-21', '%Y-%m-%d'), 'USA'),
    ('Emil Andrae', DATE_FORMAT('2002-02-23', '%Y-%m-%d'), 'Sweden'),
    ('Ivan Fedotov', DATE_FORMAT('1996-11-28', '%Y-%m-%d'), 'Russia'),
    ('Samuel Ersson', DATE_FORMAT('1999-10-20', '%Y-%m-%d'), 'Sweden');

INSERT INTO Players (player_id, position, number, height, weight) VALUES
    ((SELECT person_id FROM Person WHERE name = 'Sean Couturier'), 'C', 14, 191, 211),
    ((SELECT person_id FROM Person WHERE name = 'Owen Tippett'), 'RW', 74, 185, 207),
    ((SELECT person_id FROM Person WHERE name = 'Travis Konecny'), 'RW', 11, 178, 175),
    ((SELECT person_id FROM Person WHERE name = 'Joel Farabee'), 'LW', 86, 183, 184),
    ((SELECT person_id FROM Person WHERE name = 'Scott Laughton'), 'C', 21, 185, 190),
    ((SELECT person_id FROM Person WHERE name = 'Noah Cates'), 'LW', 27, 188, 190),
    ((SELECT person_id FROM Person WHERE name = 'Garnet Hathaway'), 'RW', 19, 191, 210),
    ((SELECT person_id FROM Person WHERE name = 'Morgan Frost'), 'C', 48, 180, 185),
    ((SELECT person_id FROM Person WHERE name = 'Ryan Poehling'), 'C', 25, 188, 196),
    ((SELECT person_id FROM Person WHERE name = 'Nicolas Deslauriers'), 'LW', 44, 191, 220),
    ((SELECT person_id FROM Person WHERE name = 'Bobby Brink'), 'RW', 10, 175, 166),
    ((SELECT person_id FROM Person WHERE name = 'Jett Luchanko'), 'C', NULL, 185, 180),
    ((SELECT person_id FROM Person WHERE name = 'Matvei Michkov'), 'RW', 39, 177, 159),
    ((SELECT person_id FROM Person WHERE name = 'Tyson Foerster'), 'RW', 71, 188, 194),
    ((SELECT person_id FROM Person WHERE name = 'Ryan Ellis'), 'D', 94, 178, 180),
    ((SELECT person_id FROM Person WHERE name = 'Travis Sanheim'), 'D', 6, 191, 208),
    ((SELECT person_id FROM Person WHERE name = 'Rasmus Ristolainen'), 'D', 55, 193, 221),
    ((SELECT person_id FROM Person WHERE name = 'Nick Seeler'), 'D', 24, 188, 200),
    ((SELECT person_id FROM Person WHERE name = 'Jamie Drysdale'), 'D', 9, 180, 183),
    ((SELECT person_id FROM Person WHERE name = 'Egor Zamula'), 'D', 5, 190, 181),
    ((SELECT person_id FROM Person WHERE name = 'Cam York'), 'D', 8, 180, 176),
    ((SELECT person_id FROM Person WHERE name = 'Erik Johnson'), 'D', 77, 193, 236),
    ((SELECT person_id FROM Person WHERE name = 'Emil Andrae'), 'D', 36, 180, 181),
    ((SELECT person_id FROM Person WHERE name = 'Ivan Fedotov'), 'G', 82, 201, 185),
    ((SELECT person_id FROM Person WHERE name = 'Samuel Ersson'), 'G', 33, 188, 176);

INSERT INTO Contracts (player_id, team_id, cap_hit) VALUES
    ((SELECT person_id FROM Person WHERE name = 'Sean Couturier'), @flyers_team_id, 7750000),
    ((SELECT person_id FROM Person WHERE name = 'Owen Tippett'), @flyers_team_id, 6200000),
    ((SELECT person_id FROM Person WHERE name = 'Travis Konecny'), @flyers_team_id, 5500000),
    ((SELECT person_id FROM Person WHERE name = 'Joel Farabee'), @flyers_team_id, 5000000),
    ((SELECT person_id FROM Person WHERE name = 'Scott Laughton'), @flyers_team_id, 3000000),
    ((SELECT person_id FROM Person WHERE name = 'Noah Cates'), @flyers_team_id, 2625000),
    ((SELECT person_id FROM Person WHERE name = 'Garnet Hathaway'), @flyers_team_id, 2375000),
    ((SELECT person_id FROM Person WHERE name = 'Morgan Frost'), @flyers_team_id, 2100000),
    ((SELECT person_id FROM Person WHERE name = 'Ryan Poehling'), @flyers_team_id, 1900000),
    ((SELECT person_id FROM Person WHERE name = 'Nicolas Deslauriers'), @flyers_team_id, 1750000),
    ((SELECT person_id FROM Person WHERE name = 'Bobby Brink'), @flyers_team_id, 1500000),
    ((SELECT person_id FROM Person WHERE name = 'Jett Luchanko'), @flyers_team_id, 975000),
    ((SELECT person_id FROM Person WHERE name = 'Matvei Michkov'), @flyers_team_id, 950000),
    ((SELECT person_id FROM Person WHERE name = 'Tyson Foerster'), @flyers_team_id, 863333),
    ((SELECT person_id FROM Person WHERE name = 'Ryan Ellis'), @flyers_team_id, 6250000),
    ((SELECT person_id FROM Person WHERE name = 'Travis Sanheim'), @flyers_team_id, 6250000),
    ((SELECT person_id FROM Person WHERE name = 'Rasmus Ristolainen'), @flyers_team_id, 5100000),
    ((SELECT person_id FROM Person WHERE name = 'Nick Seeler'), @flyers_team_id, 2700000),
    ((SELECT person_id FROM Person WHERE name = 'Jamie Drysdale'), @flyers_team_id, 2300000),
    ((SELECT person_id FROM Person WHERE name = 'Egor Zamula'), @flyers_team_id, 1700000),
    ((SELECT person_id FROM Person WHERE name = 'Cam York'), @flyers_team_id, 1600000),
    ((SELECT person_id FROM Person WHERE name = 'Erik Johnson'), @flyers_team_id, 1000000),
    ((SELECT person_id FROM Person WHERE name = 'Emil Andrae'), @flyers_team_id, 903333),
    ((SELECT person_id FROM Person WHERE name = 'Ivan Fedotov'), @flyers_team_id, 3275000),
    ((SELECT person_id FROM Person WHERE name = 'Samuel Ersson'), @flyers_team_id, 1450000);



SET @blackhawks_team_id = (SELECT team_id FROM Teams WHERE team_name = 'Chicago Blackhawks');

INSERT INTO Person (name, birthdate, nationality) VALUES
    ('Taylor Hall', DATE_FORMAT('1991-11-14', '%Y-%m-%d'), 'Canada'),
    ('Tyler Bertuzzi', DATE_FORMAT('1995-02-24', '%Y-%m-%d'), 'Canada'),
    ('Teuvo Teräväinen', DATE_FORMAT('1994-09-11', '%Y-%m-%d'), 'Finland'),
    ('Ilya Mikheyev', DATE_FORMAT('1994-10-10', '%Y-%m-%d'), 'Russia'),
    ('Nick Foligno', DATE_FORMAT('1987-10-31', '%Y-%m-%d'), 'USA'),
    ('Andreas Athanasiou', DATE_FORMAT('1994-08-06', '%Y-%m-%d'), 'Canada'),
    ('Jason Dickinson', DATE_FORMAT('1995-07-04', '%Y-%m-%d'), 'Canada'),
    ('Philipp Kurashev', DATE_FORMAT('1999-10-12', '%Y-%m-%d'), 'Switzerland'),
    ('Ryan Donato', DATE_FORMAT('1996-04-09', '%Y-%m-%d'), 'USA'),
    ('Lukas Reichel', DATE_FORMAT('2002-05-17', '%Y-%m-%d'), 'Germany'),
    ('Connor Bedard', DATE_FORMAT('2005-07-17', '%Y-%m-%d'), 'Canada'),
    ('Joey Anderson', DATE_FORMAT('1998-06-19', '%Y-%m-%d'), 'USA'),
    ('Pat Maroon', DATE_FORMAT('1988-04-23', '%Y-%m-%d'), 'USA'),
    ('Seth Jones', DATE_FORMAT('1994-10-03', '%Y-%m-%d'), 'USA'),
    ('Alex Vlašić', DATE_FORMAT('2001-07-30', '%Y-%m-%d'), 'USA'),
    ('Connor Murphy', DATE_FORMAT('1993-03-26', '%Y-%m-%d'), 'USA'),
    ('Alec Martinez', DATE_FORMAT('1987-07-26', '%Y-%m-%d'), 'USA'),
    ('TJ Brodie', DATE_FORMAT('1990-06-07', '%Y-%m-%d'), 'Canada'),
    ('Wyatt Kaiser', DATE_FORMAT('2002-07-26', '%Y-%m-%d'), 'USA'),
    ('Petr Mrázek', DATE_FORMAT('1992-02-14', '%Y-%m-%d'), 'Czech Republic'),
    ('Laurent Brossoit', DATE_FORMAT('1993-03-23', '%Y-%m-%d'), 'Canada'),
    ('Arvid Söderblom', DATE_FORMAT('1999-08-19', '%Y-%m-%d'), 'Sweden'),
    ('Artyom Levshunov', DATE_FORMAT('2005-02-17', '%Y-%m-%d'), 'Belarus');

INSERT INTO Players (player_id, position, number, height, weight) VALUES
    ((SELECT person_id FROM Person WHERE name = 'Taylor Hall'), 'LW', 71, 185, 206),
    ((SELECT person_id FROM Person WHERE name = 'Tyler Bertuzzi'), 'LW', 59, 185, 181),
    ((SELECT person_id FROM Person WHERE name = 'Teuvo Teräväinen'), 'LW', 86, 180, 191),
    ((SELECT person_id FROM Person WHERE name = 'Ilya Mikheyev'), 'RW', 95, 188, 185),
    ((SELECT person_id FROM Person WHERE name = 'Nick Foligno'), 'LW', 17, 183, 210),
    ((SELECT person_id FROM Person WHERE name = 'Andreas Athanasiou'), 'C', 89, 188, 188),
    ((SELECT person_id FROM Person WHERE name = 'Jason Dickinson'), 'C', 16, 188, 200),
    ((SELECT person_id FROM Person WHERE name = 'Philipp Kurashev'), 'C', 23, 183, 192),
    ((SELECT person_id FROM Person WHERE name = 'Ryan Donato'), 'C', 8, 183, 192),
    ((SELECT person_id FROM Person WHERE name = 'Lukas Reichel'), 'LW', 73, 188, 170),
    ((SELECT person_id FROM Person WHERE name = 'Connor Bedard'), 'C', 98, 175, 185),
    ((SELECT person_id FROM Person WHERE name = 'Joey Anderson'), 'RW', 22, 183, 190),
    ((SELECT person_id FROM Person WHERE name = 'Pat Maroon'), 'LW', 77, 191, 238),
    ((SELECT person_id FROM Person WHERE name = 'Seth Jones'), 'D', 4, 193, 209),
    ((SELECT person_id FROM Person WHERE name = 'Alex Vlašić'), 'D', 72, 198, 200),
    ((SELECT person_id FROM Person WHERE name = 'Connor Murphy'), 'D', 5, 193, 212),
    ((SELECT person_id FROM Person WHERE name = 'Alec Martinez'), 'D', 25, 185, 209),
    ((SELECT person_id FROM Person WHERE name = 'TJ Brodie'), 'D', 78, 188, 183),
    ((SELECT person_id FROM Person WHERE name = 'Wyatt Kaiser'), 'D', 44, 183, 194),
    ((SELECT person_id FROM Person WHERE name = 'Petr Mrázek'), 'G', 34, 188, 190),
    ((SELECT person_id FROM Person WHERE name = 'Laurent Brossoit'), 'G', 39, 191, 209),
    ((SELECT person_id FROM Person WHERE name = 'Arvid Söderblom'), 'G', 40, 190, 179),
    ((SELECT person_id FROM Person WHERE name = 'Artyom Levshunov'), 'D', 55, 188, 180);

INSERT INTO Contracts (player_id, team_id, cap_hit) VALUES
    ((SELECT person_id FROM Person WHERE name = 'Taylor Hall'), @blackhawks_team_id, 6000000),
    ((SELECT person_id FROM Person WHERE name = 'Tyler Bertuzzi'), @blackhawks_team_id, 5500000),
    ((SELECT person_id FROM Person WHERE name = 'Teuvo Teräväinen'), @blackhawks_team_id, 5400000),
    ((SELECT person_id FROM Person WHERE name = 'Ilya Mikheyev'), @blackhawks_team_id, 4037500),
    ((SELECT person_id FROM Person WHERE name = 'Nick Foligno'), @blackhawks_team_id, 4500000),
    ((SELECT person_id FROM Person WHERE name = 'Andreas Athanasiou'), @blackhawks_team_id, 4250000),
    ((SELECT person_id FROM Person WHERE name = 'Jason Dickinson'), @blackhawks_team_id, 4250000),
    ((SELECT person_id FROM Person WHERE name = 'Philipp Kurashev'), @blackhawks_team_id, 2250000),
    ((SELECT person_id FROM Person WHERE name = 'Ryan Donato'), @blackhawks_team_id, 2000000),
    ((SELECT person_id FROM Person WHERE name = 'Lukas Reichel'), @blackhawks_team_id, 1200000),
    ((SELECT person_id FROM Person WHERE name = 'Connor Bedard'), @blackhawks_team_id, 950000),
    ((SELECT person_id FROM Person WHERE name = 'Joey Anderson'), @blackhawks_team_id, 800000),
    ((SELECT person_id FROM Person WHERE name = 'Pat Maroon'), @blackhawks_team_id, 800000),
    ((SELECT person_id FROM Person WHERE name = 'Seth Jones'), @blackhawks_team_id, 9500000),
    ((SELECT person_id FROM Person WHERE name = 'Alex Vlašić'), @blackhawks_team_id, 4600000),
    ((SELECT person_id FROM Person WHERE name = 'Connor Murphy'), @blackhawks_team_id, 4400000),
    ((SELECT person_id FROM Person WHERE name = 'Alec Martinez'), @blackhawks_team_id, 4000000),
    ((SELECT person_id FROM Person WHERE name = 'TJ Brodie'), @blackhawks_team_id, 3750000),
    ((SELECT person_id FROM Person WHERE name = 'Wyatt Kaiser'), @blackhawks_team_id, 916666),
    ((SELECT person_id FROM Person WHERE name = 'Petr Mrázek'), @blackhawks_team_id, 4250000),
    ((SELECT person_id FROM Person WHERE name = 'Laurent Brossoit'), @blackhawks_team_id, 3300000),
    ((SELECT person_id FROM Person WHERE name = 'Arvid Söderblom'), @blackhawks_team_id, 962500),
    ((SELECT person_id FROM Person WHERE name = 'Artyom Levshunov'), @blackhawks_team_id, 0);



SET @sabres_team_id = (SELECT team_id FROM Teams WHERE team_name = 'Buffalo Sabres');

INSERT INTO Person (name, birthdate, nationality) VALUES
    ('Tage Thompson', DATE_FORMAT('1997-10-30', '%Y-%m-%d'), 'USA'),
    ('Dylan Cozens', DATE_FORMAT('2001-02-09', '%Y-%m-%d'), 'Canada'),
    ('Jason Zucker', DATE_FORMAT('1992-01-16', '%Y-%m-%d'), 'USA'),
    ('Alex Tuch', DATE_FORMAT('1996-05-10', '%Y-%m-%d'), 'USA'),
    ('Jordan Greenway', DATE_FORMAT('1997-02-16', '%Y-%m-%d'), 'USA'),
    ('Ryan McLeod', DATE_FORMAT('1999-09-21', '%Y-%m-%d'), 'Canada'),
    ('Sam Lafferty', DATE_FORMAT('1995-03-06', '%Y-%m-%d'), 'USA'),
    ('Nicolas Aubé-Kubel', DATE_FORMAT('1996-05-10', '%Y-%m-%d'), 'Canada'),
    ('Peyton Krebs', DATE_FORMAT('2001-01-26', '%Y-%m-%d'), 'Canada'),
    ('Beck Malenstyn', DATE_FORMAT('1998-02-04', '%Y-%m-%d'), 'Canada'),
    ('Zach Benson', DATE_FORMAT('2004-05-12', '%Y-%m-%d'), 'Canada'),
    ('Jiří Kulich', DATE_FORMAT('2003-04-14', '%Y-%m-%d'), 'Czech Republic'),
    ('Jack Quinn', DATE_FORMAT('2001-09-19', '%Y-%m-%d'), 'Canada'),
    ('JJ Peterka', DATE_FORMAT('2002-01-14', '%Y-%m-%d'), 'Germany'),
    ('Rasmus Dahlin', DATE_FORMAT('2000-04-13', '%Y-%m-%d'), 'Sweden'),
    ('Owen Power', DATE_FORMAT('2002-11-22', '%Y-%m-%d'), 'Canada'),
    ('Mattias Samuelsson', DATE_FORMAT('2000-03-14', '%Y-%m-%d'), 'Sweden'),
    ('Bowen Byram', DATE_FORMAT('2001-06-13', '%Y-%m-%d'), 'Canada'),
    ('Connor Clifton', DATE_FORMAT('1995-04-28', '%Y-%m-%d'), 'USA'),
    ('Henri Jokiharju', DATE_FORMAT('1999-06-17', '%Y-%m-%d'), 'Finland'),
    ('Jacob Bryson', DATE_FORMAT('1997-11-18', '%Y-%m-%d'), 'Canada'),
    ('Dennis Gilbert', DATE_FORMAT('1996-10-30', '%Y-%m-%d'), 'USA'),
    ('Ukko-Pekka Luukkonen', DATE_FORMAT('1999-03-09', '%Y-%m-%d'), 'Finland'),
    ('Devon Levi', DATE_FORMAT('2002-12-27', '%Y-%m-%d'), 'Canada');

INSERT INTO Players (player_id, position, number, height, weight) VALUES
    ((SELECT person_id FROM Person WHERE name = 'Tage Thompson'), 'RW', 72, 201, 218),
    ((SELECT person_id FROM Person WHERE name = 'Dylan Cozens'), 'C', 24, 191, 187),
    ((SELECT person_id FROM Person WHERE name = 'Jason Zucker'), 'LW', 17, 180, 192),
    ((SELECT person_id FROM Person WHERE name = 'Alex Tuch'), 'RW', 89, 193, 217),
    ((SELECT person_id FROM Person WHERE name = 'Jordan Greenway'), 'LW', 12, 198, 231),
    ((SELECT person_id FROM Person WHERE name = 'Ryan McLeod'), 'C', 71, 188, 207),
    ((SELECT person_id FROM Person WHERE name = 'Sam Lafferty'), 'C', 81, 185, 188),
    ((SELECT person_id FROM Person WHERE name = 'Nicolas Aubé-Kubel'), 'RW', 96, 180, 187),
    ((SELECT person_id FROM Person WHERE name = 'Peyton Krebs'), 'C', 19, 183, 181),
    ((SELECT person_id FROM Person WHERE name = 'Beck Malenstyn'), 'LW', 29, 191, 208),
    ((SELECT person_id FROM Person WHERE name = 'Zach Benson'), 'LW', 9, 179, 157),
    ((SELECT person_id FROM Person WHERE name = 'Jiří Kulich'), 'C', 20, 180, 172),
    ((SELECT person_id FROM Person WHERE name = 'Jack Quinn'), 'RW', 22, 183, 176),
    ((SELECT person_id FROM Person WHERE name = 'JJ Peterka'), 'RW', 77, 185, 192),
    ((SELECT person_id FROM Person WHERE name = 'Rasmus Dahlin'), 'D', 26, 190, 201),
    ((SELECT person_id FROM Person WHERE name = 'Owen Power'), 'D', 25, 198, 218),
    ((SELECT person_id FROM Person WHERE name = 'Mattias Samuelsson'), 'D', 23, 193, 225),
    ((SELECT person_id FROM Person WHERE name = 'Bowen Byram'), 'D', 4, 185, 190),
    ((SELECT person_id FROM Person WHERE name = 'Connor Clifton'), 'D', 75, 180, 175),
    ((SELECT person_id FROM Person WHERE name = 'Henri Jokiharju'), 'D', 10, 183, 191),
    ((SELECT person_id FROM Person WHERE name = 'Jacob Bryson'), 'D', 78, 180, 185),
    ((SELECT person_id FROM Person WHERE name = 'Dennis Gilbert'), 'D', 8, 188, 216),
    ((SELECT person_id FROM Person WHERE name = 'Ukko-Pekka Luukkonen'), 'G', 1, 196, 220),
    ((SELECT person_id FROM Person WHERE name = 'Devon Levi'), 'G', 27, 183, 184);

INSERT INTO Contracts (player_id, team_id, cap_hit) VALUES
    ((SELECT person_id FROM Person WHERE name = 'Tage Thompson'), @sabres_team_id, 7142857),
    ((SELECT person_id FROM Person WHERE name = 'Dylan Cozens'), @sabres_team_id, 7100000),
    ((SELECT person_id FROM Person WHERE name = 'Jason Zucker'), @sabres_team_id, 5000000),
    ((SELECT person_id FROM Person WHERE name = 'Alex Tuch'), @sabres_team_id, 4750000),
    ((SELECT person_id FROM Person WHERE name = 'Jordan Greenway'), @sabres_team_id, 3000000),
    ((SELECT person_id FROM Person WHERE name = 'Ryan McLeod'), @sabres_team_id, 2100000),
    ((SELECT person_id FROM Person WHERE name = 'Sam Lafferty'), @sabres_team_id, 2000000),
    ((SELECT person_id FROM Person WHERE name = 'Nicolas Aubé-Kubel'), @sabres_team_id, 1500000),
    ((SELECT person_id FROM Person WHERE name = 'Peyton Krebs'), @sabres_team_id, 1450000),
    ((SELECT person_id FROM Person WHERE name = 'Beck Malenstyn'), @sabres_team_id, 1350000),
    ((SELECT person_id FROM Person WHERE name = 'Zach Benson'), @sabres_team_id, 950000),
    ((SELECT person_id FROM Person WHERE name = 'Jiří Kulich'), @sabres_team_id, 886666),
    ((SELECT person_id FROM Person WHERE name = 'Jack Quinn'), @sabres_team_id, 863333),
    ((SELECT person_id FROM Person WHERE name = 'JJ Peterka'), @sabres_team_id, 797500),
    ((SELECT person_id FROM Person WHERE name = 'Rasmus Dahlin'), @sabres_team_id, 11000000),
    ((SELECT person_id FROM Person WHERE name = 'Owen Power'), @sabres_team_id, 8350000),
    ((SELECT person_id FROM Person WHERE name = 'Mattias Samuelsson'), @sabres_team_id, 4285714),
    ((SELECT person_id FROM Person WHERE name = 'Bowen Byram'), @sabres_team_id, 3850000),
    ((SELECT person_id FROM Person WHERE name = 'Connor Clifton'), @sabres_team_id, 3333333),
    ((SELECT person_id FROM Person WHERE name = 'Henri Jokiharju'), @sabres_team_id, 3100000),
    ((SELECT person_id FROM Person WHERE name = 'Jacob Bryson'), @sabres_team_id, 900000),
    ((SELECT person_id FROM Person WHERE name = 'Dennis Gilbert'), @sabres_team_id, 825000),
    ((SELECT person_id FROM Person WHERE name = 'Ukko-Pekka Luukkonen'), @sabres_team_id, 4750000),
    ((SELECT person_id FROM Person WHERE name = 'Devon Levi'), @sabres_team_id, 925000);



SET @utah_team_id = (SELECT team_id FROM Teams WHERE team_name = 'Utah Hockey Club');

INSERT INTO Person (name, birthdate, nationality) VALUES
    ('Clayton Keller', DATE_FORMAT('1998-07-29', '%Y-%m-%d'), 'USA'),
    ('Nick Schmaltz', DATE_FORMAT('1996-02-23', '%Y-%m-%d'), 'USA'),
    ('Lawson Crouse', DATE_FORMAT('1997-06-23', '%Y-%m-%d'), 'Canada'),
    ('Alexander Kerfoot', DATE_FORMAT('1994-08-11', '%Y-%m-%d'), 'Canada'),
    ('Matias Maccelli', DATE_FORMAT('2000-10-14', '%Y-%m-%d'), 'Finland'),
    ('Barrett Hayton', DATE_FORMAT('2000-06-09', '%Y-%m-%d'), 'Canada'),
    ('Nick Bjugstad', DATE_FORMAT('1992-07-17', '%Y-%m-%d'), 'USA'),
    ('Kevin Stenlund', DATE_FORMAT('1996-09-20', '%Y-%m-%d'), 'Sweden'),
    ('Jack McBain', DATE_FORMAT('1999-01-06', '%Y-%m-%d'), 'Canada'),
    ('Liam O\'Brien', DATE_FORMAT('1994-07-29', '%Y-%m-%d'), 'Canada'),
    ('Logan Cooley', DATE_FORMAT('2003-05-04', '%Y-%m-%d'), 'USA'),
    ('Josh Doan', DATE_FORMAT('2001-02-01', '%Y-%m-%d'), 'USA'),
    ('Dylan Guenther', DATE_FORMAT('2003-04-10', '%Y-%m-%d'), 'Canada'),
    ('Michael Carcone', DATE_FORMAT('1996-05-01', '%Y-%m-%d'), 'Canada'),
    ('Kailer Yamamoto', DATE_FORMAT('1998-09-29', '%Y-%m-%d'), 'USA'),
    ('Mikhail Sergachev', DATE_FORMAT('1998-06-25', '%Y-%m-%d'), 'Russia'),
    ('Shea Weber', DATE_FORMAT('1985-08-14', '%Y-%m-%d'), 'Canada'),
    ('Sean Durzi', DATE_FORMAT('1998-10-21', '%Y-%m-%d'), 'Canada'),
    ('John Marino', DATE_FORMAT('1997-05-21', '%Y-%m-%d'), 'USA'),
    ('Ian Cole', DATE_FORMAT('1989-02-21', '%Y-%m-%d'), 'USA'),
    ('Juuso Välimäki', DATE_FORMAT('1998-10-06', '%Y-%m-%d'), 'Finland'),
    ('Michael Kesselring', DATE_FORMAT('1999-04-13', '%Y-%m-%d'), 'USA'),
    ('Vladislav Kolyachonok', DATE_FORMAT('2001-05-24', '%Y-%m-%d'), 'Belarus'),
    ('Patrik Koch', DATE_FORMAT('1997-11-07', '%Y-%m-%d'), 'Czech Republic'),
    ('Robert Bortuzzo', DATE_FORMAT('1989-03-18', '%Y-%m-%d'), 'Canada'),
    ('Karel Vejmelka', DATE_FORMAT('1996-05-25', '%Y-%m-%d'), 'Czech Republic'),
    ('Connor Ingram', DATE_FORMAT('1997-03-31', '%Y-%m-%d'), 'Canada'),
    ('Samuel Lipkin', DATE_FORMAT('2002-06-14', '%Y-%m-%d'), 'USA'),
    ('Curtis Douglas', DATE_FORMAT('2000-03-06', '%Y-%m-%d'), 'Canada');

INSERT INTO Players (player_id, position, number, height, weight) VALUES
    ((SELECT person_id FROM Person WHERE name = 'Clayton Keller'), 'RW', 9, 178, 170),
    ((SELECT person_id FROM Person WHERE name = 'Nick Schmaltz'), 'C', 8, 183, 177),
    ((SELECT person_id FROM Person WHERE name = 'Lawson Crouse'), 'LW', 67, 193, 216),
    ((SELECT person_id FROM Person WHERE name = 'Alexander Kerfoot'), 'C', 15, 180, 185),
    ((SELECT person_id FROM Person WHERE name = 'Matias Maccelli'), 'LW', 63, 180, 180),
    ((SELECT person_id FROM Person WHERE name = 'Barrett Hayton'), 'C', 27, 185, 207),
    ((SELECT person_id FROM Person WHERE name = 'Nick Bjugstad'), 'C', 17, 198, 218),
    ((SELECT person_id FROM Person WHERE name = 'Kevin Stenlund'), 'C', 82, 191, 215),
    ((SELECT person_id FROM Person WHERE name = 'Jack McBain'), 'C', 22, 193, 201),
    ((SELECT person_id FROM Person WHERE name = 'Liam O\'Brien'), 'C', 38, 188, 213),
    ((SELECT person_id FROM Person WHERE name = 'Logan Cooley'), 'C', 92, 185, 174),
    ((SELECT person_id FROM Person WHERE name = 'Josh Doan'), 'RW', 91, 191, 183),
    ((SELECT person_id FROM Person WHERE name = 'Dylan Guenther'), 'RW', 11, 188, 184),
    ((SELECT person_id FROM Person WHERE name = 'Michael Carcone'), 'LW', 53, 175, 185),
    ((SELECT person_id FROM Person WHERE name = 'Kailer Yamamoto'), 'RW', 56, 173, 155),
    ((SELECT person_id FROM Person WHERE name = 'Mikhail Sergachev'), 'D', 98, 191, 223),
    ((SELECT person_id FROM Person WHERE name = 'Shea Weber'), 'D', 6, 193, 236),
    ((SELECT person_id FROM Person WHERE name = 'Sean Durzi'), 'D', 50, 183, 195),
    ((SELECT person_id FROM Person WHERE name = 'John Marino'), 'D', 6, 185, 181),
    ((SELECT person_id FROM Person WHERE name = 'Ian Cole'), 'D', 28, 185, 220),
    ((SELECT person_id FROM Person WHERE name = 'Juuso Välimäki'), 'D', 4, 188, 212),
    ((SELECT person_id FROM Person WHERE name = 'Michael Kesselring'), 'D', 7, 195, 200),
    ((SELECT person_id FROM Person WHERE name = 'Vladislav Kolyachonok'), 'D', 52, 185, 194),
    ((SELECT person_id FROM Person WHERE name = 'Patrik Koch'), 'D', 64, 185, 210),
    ((SELECT person_id FROM Person WHERE name = 'Robert Bortuzzo'), 'D', 41, 193, 216),
    ((SELECT person_id FROM Person WHERE name = 'Karel Vejmelka'), 'G', 70, 193, 182),
    ((SELECT person_id FROM Person WHERE name = 'Connor Ingram'), 'G', 39, 188, 194),
    ((SELECT person_id FROM Person WHERE name = 'Samuel Lipkin'), 'LW', 71, 188, 190),
    ((SELECT person_id FROM Person WHERE name = 'Curtis Douglas'), 'C', 42, 204, 236);

INSERT INTO Contracts (player_id, team_id, cap_hit) VALUES
    ((SELECT person_id FROM Person WHERE name = 'Clayton Keller'), @utah_team_id, 7150000),
    ((SELECT person_id FROM Person WHERE name = 'Nick Schmaltz'), @utah_team_id, 5850000),
    ((SELECT person_id FROM Person WHERE name = 'Lawson Crouse'), @utah_team_id, 4300000),
    ((SELECT person_id FROM Person WHERE name = 'Alexander Kerfoot'), @utah_team_id, 3500000),
    ((SELECT person_id FROM Person WHERE name = 'Matias Maccelli'), @utah_team_id, 3425000),
    ((SELECT person_id FROM Person WHERE name = 'Barrett Hayton'), @utah_team_id, 2650000),
    ((SELECT person_id FROM Person WHERE name = 'Nick Bjugstad'), @utah_team_id, 2100000),
    ((SELECT person_id FROM Person WHERE name = 'Kevin Stenlund'), @utah_team_id, 2000000),
    ((SELECT person_id FROM Person WHERE name = 'Jack McBain'), @utah_team_id, 1599999),
    ((SELECT person_id FROM Person WHERE name = 'Liam O\'Brien'), @utah_team_id, 1000000),
    ((SELECT person_id FROM Person WHERE name = 'Logan Cooley'), @utah_team_id, 950000),
    ((SELECT person_id FROM Person WHERE name = 'Josh Doan'), @utah_team_id, 925000),
    ((SELECT person_id FROM Person WHERE name = 'Dylan Guenther'), @utah_team_id, 894167),
    ((SELECT person_id FROM Person WHERE name = 'Michael Carcone'), @utah_team_id, 775000),
    ((SELECT person_id FROM Person WHERE name = 'Kailer Yamamoto'), @utah_team_id, 775000),
    ((SELECT person_id FROM Person WHERE name = 'Mikhail Sergachev'), @utah_team_id, 8500000),
    ((SELECT person_id FROM Person WHERE name = 'Shea Weber'), @utah_team_id, 7857143),
    ((SELECT person_id FROM Person WHERE name = 'Sean Durzi'), @utah_team_id, 6000000),
    ((SELECT person_id FROM Person WHERE name = 'John Marino'), @utah_team_id, 4400000),
    ((SELECT person_id FROM Person WHERE name = 'Ian Cole'), @utah_team_id, 3100000),
    ((SELECT person_id FROM Person WHERE name = 'Juuso Välimäki'), @utah_team_id, 2000000),
    ((SELECT person_id FROM Person WHERE name = 'Michael Kesselring'), @utah_team_id, 1400000),
    ((SELECT person_id FROM Person WHERE name = 'Vladislav Kolyachonok'), @utah_team_id, 775000),
    ((SELECT person_id FROM Person WHERE name = 'Patrik Koch'), @utah_team_id, 775000),
    ((SELECT person_id FROM Person WHERE name = 'Robert Bortuzzo'), @utah_team_id, 775000),
    ((SELECT person_id FROM Person WHERE name = 'Karel Vejmelka'), @utah_team_id, 2725000),
    ((SELECT person_id FROM Person WHERE name = 'Connor Ingram'), @utah_team_id, 1950000),
    ((SELECT person_id FROM Person WHERE name = 'Samuel Lipkin'), @utah_team_id, 0),
    ((SELECT person_id FROM Person WHERE name = 'Curtis Douglas'), @utah_team_id, 0);



SET @flames_team_id = (SELECT team_id FROM Teams WHERE team_name = 'Calgary Flames');

INSERT INTO Person (name, birthdate, nationality) VALUES
    ('Jonathan Huberdeau', DATE_FORMAT('1993-06-04', '%Y-%m-%d'), 'Canada'),
    ('Nazem Kadri', DATE_FORMAT('1990-10-06', '%Y-%m-%d'), 'Canada'),
    ('Andrei Kuzmenko', DATE_FORMAT('1996-02-04', '%Y-%m-%d'), 'Russia'),
    ('Blake Coleman', DATE_FORMAT('1992-11-28', '%Y-%m-%d'), 'USA'),
    ('Mikael Backlund', DATE_FORMAT('1989-03-17', '%Y-%m-%d'), 'Sweden'),
    ('Anthony Mantha', DATE_FORMAT('1994-09-16', '%Y-%m-%d'), 'Canada'),
    ('Yegor Sharangovich', DATE_FORMAT('1998-06-06', '%Y-%m-%d'), 'Belarus'),
    ('Ryan Lomberg', DATE_FORMAT('1994-12-09', '%Y-%m-%d'), 'USA'),
    ('Kevin Rooney', DATE_FORMAT('1993-05-21', '%Y-%m-%d'), 'USA'),
    ('Martin Pospíšil', DATE_FORMAT('1999-11-19', '%Y-%m-%d'), 'Slovakia'),
    ('Matt Coronato', DATE_FORMAT('2002-11-14', '%Y-%m-%d'), 'USA'),
    ('Samuel Honzek', DATE_FORMAT('2004-12-10', '%Y-%m-%d'), 'Slovakia'),
    ('Connor Zary', DATE_FORMAT('2002-09-25', '%Y-%m-%d'), 'Canada'),
    ('Justin Kirkland', DATE_FORMAT('1996-08-02', '%Y-%m-%d'), 'Canada'),
    ('Adam Klapka', DATE_FORMAT('1999-03-25', '%Y-%m-%d'), 'Czech Republic'),
    ('MacKenzie Weegar', DATE_FORMAT('1994-01-07', '%Y-%m-%d'), 'Canada'),
    ('Rasmus Andersson', DATE_FORMAT('1996-10-27', '%Y-%m-%d'), 'Sweden'),
    ('Jake Bean', DATE_FORMAT('1998-06-09', '%Y-%m-%d'), 'Canada'),
    ('Daniil Miromanov', DATE_FORMAT('1997-07-22', '%Y-%m-%d'), 'Russia'),
    ('Tyson Barrie', DATE_FORMAT('1991-07-26', '%Y-%m-%d'), 'Canada'),
    ('Kevin Bahl', DATE_FORMAT('2000-06-27', '%Y-%m-%d'), 'Canada'),
    ('Joel Hanley', DATE_FORMAT('1991-06-08', '%Y-%m-%d'), 'Canada'),
    ('Brayden Pachal', DATE_FORMAT('1999-08-23', '%Y-%m-%d'), 'Canada'),
    ('Dan Vladař', DATE_FORMAT('1997-08-20', '%Y-%m-%d'), 'Czech Republic'),
    ('Dustin Wolf', DATE_FORMAT('2001-04-16', '%Y-%m-%d'), 'USA');

INSERT INTO Players (player_id, position, number, height, weight) VALUES
    ((SELECT person_id FROM Person WHERE name = 'Jonathan Huberdeau'), 'LW', 10, 185, 202),
    ((SELECT person_id FROM Person WHERE name = 'Nazem Kadri'), 'C', 91, 183, 192),
    ((SELECT person_id FROM Person WHERE name = 'Andrei Kuzmenko'), 'LW', 96, 185, 211),
    ((SELECT person_id FROM Person WHERE name = 'Blake Coleman'), 'C', 20, 178, 205),
    ((SELECT person_id FROM Person WHERE name = 'Mikael Backlund'), 'C', 11, 185, 199),
    ((SELECT person_id FROM Person WHERE name = 'Anthony Mantha'), 'RW', 39, 196, 234),
    ((SELECT person_id FROM Person WHERE name = 'Yegor Sharangovich'), 'C', 17, 188, 195),
    ((SELECT person_id FROM Person WHERE name = 'Ryan Lomberg'), 'LW', 70, 175, 187),
    ((SELECT person_id FROM Person WHERE name = 'Kevin Rooney'), 'C', 21, 188, 201),
    ((SELECT person_id FROM Person WHERE name = 'Martin Pospíšil'), 'C', 76, 188, 183),
    ((SELECT person_id FROM Person WHERE name = 'Matt Coronato'), 'RW', 27, 178, 183),
    ((SELECT person_id FROM Person WHERE name = 'Samuel Honzek'), 'LW', 42, 191, 194),
    ((SELECT person_id FROM Person WHERE name = 'Connor Zary'), 'C', 47, 183, 185),
    ((SELECT person_id FROM Person WHERE name = 'Justin Kirkland'), 'C', 58, 191, 183),
    ((SELECT person_id FROM Person WHERE name = 'Adam Klapka'), 'RW', 43, 201, 217),
    ((SELECT person_id FROM Person WHERE name = 'MacKenzie Weegar'), 'D', 52, 183, 217),
    ((SELECT person_id FROM Person WHERE name = 'Rasmus Andersson'), 'D', 4, 185, 214),
    ((SELECT person_id FROM Person WHERE name = 'Jake Bean'), 'D', 24, 185, 186),
    ((SELECT person_id FROM Person WHERE name = 'Daniil Miromanov'), 'D', 62, 193, 209),
    ((SELECT person_id FROM Person WHERE name = 'Tyson Barrie'), 'D', 8, 178, 197),
    ((SELECT person_id FROM Person WHERE name = 'Kevin Bahl'), 'D', 7, 201, 240),
    ((SELECT person_id FROM Person WHERE name = 'Joel Hanley'), 'D', 44, 180, 188),
    ((SELECT person_id FROM Person WHERE name = 'Brayden Pachal'), 'D', 94, 185, 203),
    ((SELECT person_id FROM Person WHERE name = 'Dan Vladař'), 'G', 80, 195, 185),
    ((SELECT person_id FROM Person WHERE name = 'Dustin Wolf'), 'G', 32, 183, 163);

INSERT INTO Contracts (player_id, team_id, cap_hit) VALUES
    ((SELECT person_id FROM Person WHERE name = 'Jonathan Huberdeau'), @flames_team_id, 10500000),
    ((SELECT person_id FROM Person WHERE name = 'Nazem Kadri'), @flames_team_id, 7000000),
    ((SELECT person_id FROM Person WHERE name = 'Andrei Kuzmenko'), @flames_team_id, 5500000),
    ((SELECT person_id FROM Person WHERE name = 'Blake Coleman'), @flames_team_id, 4900000),
    ((SELECT person_id FROM Person WHERE name = 'Mikael Backlund'), @flames_team_id, 4500000),
    ((SELECT person_id FROM Person WHERE name = 'Anthony Mantha'), @flames_team_id, 3500000),
    ((SELECT person_id FROM Person WHERE name = 'Yegor Sharangovich'), @flames_team_id, 3100000),
    ((SELECT person_id FROM Person WHERE name = 'Ryan Lomberg'), @flames_team_id, 2000000),
    ((SELECT person_id FROM Person WHERE name = 'Kevin Rooney'), @flames_team_id, 1300000),
    ((SELECT person_id FROM Person WHERE name = 'Martin Pospíšil'), @flames_team_id, 1000000),
    ((SELECT person_id FROM Person WHERE name = 'Matt Coronato'), @flames_team_id, 925000),
    ((SELECT person_id FROM Person WHERE name = 'Samuel Honzek'), @flames_team_id, 918333),
    ((SELECT person_id FROM Person WHERE name = 'Connor Zary'), @flames_team_id, 863332),
    ((SELECT person_id FROM Person WHERE name = 'Justin Kirkland'), @flames_team_id, 775000),
    ((SELECT person_id FROM Person WHERE name = 'Adam Klapka'), @flames_team_id, 775000),
    ((SELECT person_id FROM Person WHERE name = 'MacKenzie Weegar'), @flames_team_id, 6250000),
    ((SELECT person_id FROM Person WHERE name = 'Rasmus Andersson'), @flames_team_id, 4550000),
    ((SELECT person_id FROM Person WHERE name = 'Jake Bean'), @flames_team_id, 1750000),
    ((SELECT person_id FROM Person WHERE name = 'Daniil Miromanov'), @flames_team_id, 1250000),
    ((SELECT person_id FROM Person WHERE name = 'Tyson Barrie'), @flames_team_id, 1250000),
    ((SELECT person_id FROM Person WHERE name = 'Kevin Bahl'), @flames_team_id, 1050000),
    ((SELECT person_id FROM Person WHERE name = 'Joel Hanley'), @flames_team_id, 787500),
    ((SELECT person_id FROM Person WHERE name = 'Brayden Pachal'), @flames_team_id, 775000),
    ((SELECT person_id FROM Person WHERE name = 'Dan Vladař'), @flames_team_id, 2200000),
    ((SELECT person_id FROM Person WHERE name = 'Dustin Wolf'), @flames_team_id, 850000);



SET @blue_jackets_team_id = (SELECT team_id FROM Teams WHERE team_name = 'Columbus Blue Jackets');

INSERT INTO Person (name, birthdate, nationality) VALUES
    ('Sean Monahan', DATE_FORMAT('1994-10-12', '%Y-%m-%d'), 'Canada'),
    ('Kirill Marchenko', DATE_FORMAT('2000-07-21', '%Y-%m-%d'), 'Russia'),
    ('Boone Jenner', DATE_FORMAT('1993-06-15', '%Y-%m-%d'), 'Canada'),
    ('Sean Kuraly', DATE_FORMAT('1993-01-20', '%Y-%m-%d'), 'USA'),
    ('Cole Sillinger', DATE_FORMAT('2003-05-16', '%Y-%m-%d'), 'Canada'),
    ('Yegor Chinakhov', DATE_FORMAT('2001-02-01', '%Y-%m-%d'), 'Russia'),
    ('Kent Johnson', DATE_FORMAT('2002-10-18', '%Y-%m-%d'), 'Canada'),
    ('Mathieu Olivier', DATE_FORMAT('1997-02-11', '%Y-%m-%d'), 'Canada'),
    ('Justin Danforth', DATE_FORMAT('1993-03-15', '%Y-%m-%d'), 'Canada'),
    ('Adam Fantilli', DATE_FORMAT('2003-10-12', '%Y-%m-%d'), 'Canada'),
    ('Dmitri Voronkov', DATE_FORMAT('2000-04-10', '%Y-%m-%d'), 'Russia'),
    ('James van Riemsdyk', DATE_FORMAT('1989-05-04', '%Y-%m-%d'), 'USA'),
    ('Mikael Pyyhtiä', DATE_FORMAT('2001-11-14', '%Y-%m-%d'), 'Finland'),
    ('Zach Aston-Reese', DATE_FORMAT('1994-08-10', '%Y-%m-%d'), 'USA'),
    ('Dylan Gambrell', DATE_FORMAT('1996-08-26', '%Y-%m-%d'), 'USA'),
    ('Kevin Labanc', DATE_FORMAT('1995-12-12', '%Y-%m-%d'), 'USA'),
    ('Zach Werenski', DATE_FORMAT('1997-07-19', '%Y-%m-%d'), 'USA'),
    ('Ivan Provorov', DATE_FORMAT('1997-01-13', '%Y-%m-%d'), 'Russia'),
    ('Damon Severson', DATE_FORMAT('1994-08-07', '%Y-%m-%d'), 'Canada'),
    ('Erik Gudbranson', DATE_FORMAT('1992-01-07', '%Y-%m-%d'), 'Canada'),
    ('Jordan Harris', DATE_FORMAT('2000-07-07', '%Y-%m-%d'), 'USA'),
    ('David Jiříček', DATE_FORMAT('2004-11-28', '%Y-%m-%d'), 'Czech Republic'),
    ('Jack Johnson', DATE_FORMAT('1987-01-13', '%Y-%m-%d'), 'USA'),
    ('Jake Christiansen', DATE_FORMAT('1999-09-12', '%Y-%m-%d'), 'Canada'),
    ('Elvis Merzļikins', DATE_FORMAT('1994-04-13', '%Y-%m-%d'), 'Latvia'),
    ('Daniil Tarasov', DATE_FORMAT('1999-03-27', '%Y-%m-%d'), 'Russia'),
    ('Jet Greaves', DATE_FORMAT('2000-03-30', '%Y-%m-%d'), 'Canada'),
    ('Gavin Brindley', DATE_FORMAT('2003-10-05', '%Y-%m-%d'), 'USA'),
    ('Jordan Dumais', DATE_FORMAT('2003-04-15', '%Y-%m-%d'), 'Canada');

INSERT INTO Players (player_id, position, number, height, weight) VALUES
    ((SELECT person_id FROM Person WHERE name = 'Sean Monahan'), 'C', 23, 188, 200),
    ((SELECT person_id FROM Person WHERE name = 'Kirill Marchenko'), 'RW', 86, 190, 181),
    ((SELECT person_id FROM Person WHERE name = 'Boone Jenner'), 'C', 38, 188, 205),
    ((SELECT person_id FROM Person WHERE name = 'Sean Kuraly'), 'C', 7, 188, 213),
    ((SELECT person_id FROM Person WHERE name = 'Cole Sillinger'), 'C', 4, 183, 199),
    ((SELECT person_id FROM Person WHERE name = 'Yegor Chinakhov'), 'RW', 59, 185, 192),
    ((SELECT person_id FROM Person WHERE name = 'Kent Johnson'), 'C', 91, 185, 167),
    ((SELECT person_id FROM Person WHERE name = 'Mathieu Olivier'), 'RW', 24, 188, 214),
    ((SELECT person_id FROM Person WHERE name = 'Justin Danforth'), 'RW', 17, 180, 190),
    ((SELECT person_id FROM Person WHERE name = 'Adam Fantilli'), 'C', 19, 188, 195),
    ((SELECT person_id FROM Person WHERE name = 'Dmitri Voronkov'), 'LW', 10, 190, 211),
    ((SELECT person_id FROM Person WHERE name = 'James van Riemsdyk'), 'LW', 21, 192, 207),
    ((SELECT person_id FROM Person WHERE name = 'Mikael Pyyhtiä'), 'LW', 82, 183, 182),
    ((SELECT person_id FROM Person WHERE name = 'Zach Aston-Reese'), 'C', 20, 183, 204),
    ((SELECT person_id FROM Person WHERE name = 'Dylan Gambrell'), 'C', 18, 188, 185),
    ((SELECT person_id FROM Person WHERE name = 'Kevin Labanc'), 'RW', 62, 180, 185),
    ((SELECT person_id FROM Person WHERE name = 'Zach Werenski'), 'D', 8, 188, 218),
    ((SELECT person_id FROM Person WHERE name = 'Ivan Provorov'), 'D', 9, 185, 201),
    ((SELECT person_id FROM Person WHERE name = 'Damon Severson'), 'D', 78, 188, 205),
    ((SELECT person_id FROM Person WHERE name = 'Erik Gudbranson'), 'D', 44, 196, 222),
    ((SELECT person_id FROM Person WHERE name = 'Jordan Harris'), 'D', 22, 180, 180),
    ((SELECT person_id FROM Person WHERE name = 'David Jiříček'), 'D', 55, 193, 190),
    ((SELECT person_id FROM Person WHERE name = 'Jack Johnson'), 'D', 3, 185, 227),
    ((SELECT person_id FROM Person WHERE name = 'Jake Christiansen'), 'D', 2, 183, 192),
    ((SELECT person_id FROM Person WHERE name = 'Elvis Merzļikins'), 'G', 90, 191, 183),
    ((SELECT person_id FROM Person WHERE name = 'Daniil Tarasov'), 'G', 40, 196, 183),
    ((SELECT person_id FROM Person WHERE name = 'Jet Greaves'), 'G', 73, 183, 170),
    ((SELECT person_id FROM Person WHERE name = 'Gavin Brindley'), 'C', 45, 175, 180),
    ((SELECT person_id FROM Person WHERE name = 'Jordan Dumais'), 'RW', 69, 175, 176);

INSERT INTO Contracts (player_id, team_id, cap_hit) VALUES
    ((SELECT person_id FROM Person WHERE name = 'Sean Monahan'), @blue_jackets_team_id, 5500000),
    ((SELECT person_id FROM Person WHERE name = 'Kirill Marchenko'), @blue_jackets_team_id, 3850000),
    ((SELECT person_id FROM Person WHERE name = 'Boone Jenner'), @blue_jackets_team_id, 3750000),
    ((SELECT person_id FROM Person WHERE name = 'Sean Kuraly'), @blue_jackets_team_id, 2500000),
    ((SELECT person_id FROM Person WHERE name = 'Cole Sillinger'), @blue_jackets_team_id, 2250000),
    ((SELECT person_id FROM Person WHERE name = 'Yegor Chinakhov'), @blue_jackets_team_id, 2100000),
    ((SELECT person_id FROM Person WHERE name = 'Kent Johnson'), @blue_jackets_team_id, 1800000),
    ((SELECT person_id FROM Person WHERE name = 'Mathieu Olivier'), @blue_jackets_team_id, 1100000),
    ((SELECT person_id FROM Person WHERE name = 'Justin Danforth'), @blue_jackets_team_id, 1100000),
    ((SELECT person_id FROM Person WHERE name = 'Adam Fantilli'), @blue_jackets_team_id, 950000),
    ((SELECT person_id FROM Person WHERE name = 'Dmitri Voronkov'), @blue_jackets_team_id, 925000),
    ((SELECT person_id FROM Person WHERE name = 'James van Riemsdyk'), @blue_jackets_team_id, 900000),
    ((SELECT person_id FROM Person WHERE name = 'Mikael Pyyhtiä'), @blue_jackets_team_id, 897500),
    ((SELECT person_id FROM Person WHERE name = 'Zach Aston-Reese'), @blue_jackets_team_id, 775000),
    ((SELECT person_id FROM Person WHERE name = 'Dylan Gambrell'), @blue_jackets_team_id, 775000),
    ((SELECT person_id FROM Person WHERE name = 'Kevin Labanc'), @blue_jackets_team_id, 775000),
    ((SELECT person_id FROM Person WHERE name = 'Zach Werenski'), @blue_jackets_team_id, 9583333),
    ((SELECT person_id FROM Person WHERE name = 'Ivan Provorov'), @blue_jackets_team_id, 4725000),
    ((SELECT person_id FROM Person WHERE name = 'Damon Severson'), @blue_jackets_team_id, 6250000),
    ((SELECT person_id FROM Person WHERE name = 'Erik Gudbranson'), @blue_jackets_team_id, 4000000),
    ((SELECT person_id FROM Person WHERE name = 'Jordan Harris'), @blue_jackets_team_id, 1400000),
    ((SELECT person_id FROM Person WHERE name = 'David Jiříček'), @blue_jackets_team_id, 918333),
    ((SELECT person_id FROM Person WHERE name = 'Jack Johnson'), @blue_jackets_team_id, 775000),
    ((SELECT person_id FROM Person WHERE name = 'Jake Christiansen'), @blue_jackets_team_id, 775000),
    ((SELECT person_id FROM Person WHERE name = 'Elvis Merzļikins'), @blue_jackets_team_id, 5400000),
    ((SELECT person_id FROM Person WHERE name = 'Daniil Tarasov'), @blue_jackets_team_id, 1050000),
    ((SELECT person_id FROM Person WHERE name = 'Jet Greaves'), @blue_jackets_team_id, 0),
    ((SELECT person_id FROM Person WHERE name = 'Gavin Brindley'), @blue_jackets_team_id, 19895),
    ((SELECT person_id FROM Person WHERE name = 'Jordan Dumais'), @blue_jackets_team_id, 45026);



SET @ducks_team_id = (SELECT team_id FROM Teams WHERE team_name = 'Anaheim Ducks');

INSERT INTO Person (name, birthdate, nationality) VALUES
    ('Troy Terry', DATE_FORMAT('1997-09-10', '%Y-%m-%d'), 'USA'),
    ('Alex Killorn', DATE_FORMAT('1989-09-14', '%Y-%m-%d'), 'Canada'),
    ('Trevor Zegras', DATE_FORMAT('2001-03-20', '%Y-%m-%d'), 'USA'),
    ('Ryan Strome', DATE_FORMAT('1993-07-11', '%Y-%m-%d'), 'Canada'),
    ('Robby Fabbri', DATE_FORMAT('1996-01-22', '%Y-%m-%d'), 'Canada'),
    ('Frank Vatrano', DATE_FORMAT('1994-03-14', '%Y-%m-%d'), 'USA'),
    ('Brock McGinn', DATE_FORMAT('1994-02-02', '%Y-%m-%d'), 'Canada'),
    ('Isac Lundeström', DATE_FORMAT('1999-11-06', '%Y-%m-%d'), 'Sweden'),
    ('Ross Johnston', DATE_FORMAT('1994-02-18', '%Y-%m-%d'), 'Canada'),
    ('Brett Leason', DATE_FORMAT('1999-04-30', '%Y-%m-%d'), 'Canada'),
    ('Leo Carlsson', DATE_FORMAT('2004-12-26', '%Y-%m-%d'), 'Sweden'),
    ('Cutter Gauthier', DATE_FORMAT('2004-01-19', '%Y-%m-%d'), 'USA'),
    ('Mason McTavish', DATE_FORMAT('2003-01-30', '%Y-%m-%d'), 'Canada'),
    ('Cam Fowler', DATE_FORMAT('1991-12-05', '%Y-%m-%d'), 'Canada'),
    ('Radko Gudas', DATE_FORMAT('1990-06-05', '%Y-%m-%d'), 'Czech Republic'),
    ('Brian Dumoulin', DATE_FORMAT('1991-09-06', '%Y-%m-%d'), 'USA'),
    ('Urho Vaakanainen', DATE_FORMAT('1999-01-01', '%Y-%m-%d'), 'Finland'),
    ('Jackson LaCombe', DATE_FORMAT('2002-01-09', '%Y-%m-%d'), 'USA'),
    ('Pavel Mintyukov', DATE_FORMAT('2003-11-25', '%Y-%m-%d'), 'Russia'),
    ('Tristan Luneau', DATE_FORMAT('2003-01-12', '%Y-%m-%d'), 'Canada'),
    ('Olen Zellweger', DATE_FORMAT('2002-09-10', '%Y-%m-%d'), 'Canada'),
    ('John Gibson', DATE_FORMAT('1993-07-14', '%Y-%m-%d'), 'USA'),
    ('James Reimer', DATE_FORMAT('1988-03-15', '%Y-%m-%d'), 'Canada'),
    ('Lukáš Dostál', DATE_FORMAT('1999-06-22', '%Y-%m-%d'), 'Czech Republic'),
    ('Tomáš Suchánek', DATE_FORMAT('2002-04-24', '%Y-%m-%d'), 'Czech Republic');

INSERT INTO Players (player_id, position, number, height, weight) VALUES
    ((SELECT person_id FROM Person WHERE name = 'Troy Terry'), 'RW', 19, 185, 185),
    ((SELECT person_id FROM Person WHERE name = 'Alex Killorn'), 'LW', 17, 186, 201),
    ((SELECT person_id FROM Person WHERE name = 'Trevor Zegras'), 'C', 11, 183, 185),
    ((SELECT person_id FROM Person WHERE name = 'Ryan Strome'), 'C', 16, 185, 191),
    ((SELECT person_id FROM Person WHERE name = 'Robby Fabbri'), 'C', 13, 178, 190),
    ((SELECT person_id FROM Person WHERE name = 'Frank Vatrano'), 'C', 77, 178, 197),
    ((SELECT person_id FROM Person WHERE name = 'Brock McGinn'), 'LW', 26, 183, 187),
    ((SELECT person_id FROM Person WHERE name = 'Isac Lundeström'), 'C', 21, 185, 187),
    ((SELECT person_id FROM Person WHERE name = 'Ross Johnston'), 'LW', 44, 196, 231),
    ((SELECT person_id FROM Person WHERE name = 'Brett Leason'), 'RW', 20, 193, 225),
    ((SELECT person_id FROM Person WHERE name = 'Leo Carlsson'), 'C', 91, 191, 192),
    ((SELECT person_id FROM Person WHERE name = 'Cutter Gauthier'), 'LW', 61, 188, 200),
    ((SELECT person_id FROM Person WHERE name = 'Mason McTavish'), 'C', 23, 188, 213),
    ((SELECT person_id FROM Person WHERE name = 'Cam Fowler'), 'D', 4, 188, 207),
    ((SELECT person_id FROM Person WHERE name = 'Radko Gudas'), 'D', 7, 183, 204),
    ((SELECT person_id FROM Person WHERE name = 'Brian Dumoulin'), 'D', 6, 193, 208),
    ((SELECT person_id FROM Person WHERE name = 'Urho Vaakanainen'), 'D', 5, 185, 200),
    ((SELECT person_id FROM Person WHERE name = 'Jackson LaCombe'), 'D', 2, 188, 190),
    ((SELECT person_id FROM Person WHERE name = 'Pavel Mintyukov'), 'D', 34, 185, 192),
    ((SELECT person_id FROM Person WHERE name = 'Tristan Luneau'), 'D', 67, 185, 188),
    ((SELECT person_id FROM Person WHERE name = 'Olen Zellweger'), 'D', 51, 178, 181),
    ((SELECT person_id FROM Person WHERE name = 'John Gibson'), 'G', 36, 188, 207),
    ((SELECT person_id FROM Person WHERE name = 'James Reimer'), 'G', 47, 188, 220),
    ((SELECT person_id FROM Person WHERE name = 'Lukáš Dostál'), 'G', 1, 187, 190),
    ((SELECT person_id FROM Person WHERE name = 'Tomáš Suchánek'), 'G', 78, 185, 185);

INSERT INTO Contracts (player_id, team_id, cap_hit) VALUES
    ((SELECT person_id FROM Person WHERE name = 'Troy Terry'), @ducks_team_id, 7000000),
    ((SELECT person_id FROM Person WHERE name = 'Alex Killorn'), @ducks_team_id, 6250000),
    ((SELECT person_id FROM Person WHERE name = 'Trevor Zegras'), @ducks_team_id, 5750000),
    ((SELECT person_id FROM Person WHERE name = 'Ryan Strome'), @ducks_team_id, 5000000),
    ((SELECT person_id FROM Person WHERE name = 'Robby Fabbri'), @ducks_team_id, 4000000),
    ((SELECT person_id FROM Person WHERE name = 'Frank Vatrano'), @ducks_team_id, 3650000),
    ((SELECT person_id FROM Person WHERE name = 'Brock McGinn'), @ducks_team_id, 2750000),
    ((SELECT person_id FROM Person WHERE name = 'Isac Lundeström'), @ducks_team_id, 1500000),
    ((SELECT person_id FROM Person WHERE name = 'Ross Johnston'), @ducks_team_id, 1100000),
    ((SELECT person_id FROM Person WHERE name = 'Brett Leason'), @ducks_team_id, 1050000),
    ((SELECT person_id FROM Person WHERE name = 'Leo Carlsson'), @ducks_team_id, 950000),
    ((SELECT person_id FROM Person WHERE name = 'Cutter Gauthier'), @ducks_team_id, 950000),
    ((SELECT person_id FROM Person WHERE name = 'Mason McTavish'), @ducks_team_id, 894167),
    ((SELECT person_id FROM Person WHERE name = 'Cam Fowler'), @ducks_team_id, 6500000),
    ((SELECT person_id FROM Person WHERE name = 'Radko Gudas'), @ducks_team_id, 4000000),
    ((SELECT person_id FROM Person WHERE name = 'Brian Dumoulin'), @ducks_team_id, 3150000),
    ((SELECT person_id FROM Person WHERE name = 'Urho Vaakanainen'), @ducks_team_id, 1100000),
    ((SELECT person_id FROM Person WHERE name = 'Jackson LaCombe'), @ducks_team_id, 925000),
    ((SELECT person_id FROM Person WHERE name = 'Pavel Mintyukov'), @ducks_team_id, 918333),
    ((SELECT person_id FROM Person WHERE name = 'Tristan Luneau'), @ducks_team_id, 865000),
    ((SELECT person_id FROM Person WHERE name = 'Olen Zellweger'), @ducks_team_id, 844166),
    ((SELECT person_id FROM Person WHERE name = 'John Gibson'), @ducks_team_id, 6400000),
    ((SELECT person_id FROM Person WHERE name = 'James Reimer'), @ducks_team_id, 1000000),
    ((SELECT person_id FROM Person WHERE name = 'Lukáš Dostál'), @ducks_team_id, 812500),
    ((SELECT person_id FROM Person WHERE name = 'Tomáš Suchánek'), @ducks_team_id, 0);
